Sample_ID,AE Fraction,SE Fraction,75As,27Al,47Ti,48Ti,51V,52Cr,55Mn,56Fe,57Fe,59Co,60Ni,63Cu,66Zn,95Mo,111Cd,208Pb
210929_IC_SEC_0to0_1,0,1,0.0,2.4,0.3,4.2,0.2,0.4,0.4,1.7,1.5,0.0,0.7,0.4,2.9,0.1,0.0,0.0
210929_IC_SEC_0to0_2,0,2,0.0,2.9,0.5,4.5,0.2,0.5,0.6,2.3,2.1,0.0,1.7,0.8,3.2,0.2,0.0,0.0
210929_IC_SEC_0to0_3,0,3,0.0,3.0,0.4,4.3,0.2,0.4,0.7,2.2,2.0,0.0,2.2,0.8,2.7,0.2,0.0,0.0
210929_IC_SEC_0to0_4,0,4,0.0,3.3,0.5,4.2,0.2,0.4,0.9,2.2,2.0,0.0,2.0,0.6,2.7,0.2,0.0,0.0
210929_IC_SEC_0to0_5,0,5,0.0,7.5,0.3,4.7,0.2,0.4,0.8,2.2,2.0,0.1,2.0,0.6,2.9,0.2,0.0,0.0
210929_IC_SEC_0to0_6,0,6,0.0,3.2,0.5,4.2,0.2,0.3,0.8,2.0,1.9,0.1,1.9,0.6,2.7,0.2,0.0,0.0
210929_IC_SEC_0to0_7,0,7,0.0,3.1,0.3,4.1,0.1,0.3,0.9,2.0,1.8,0.1,2.0,0.5,2.6,0.2,0.0,0.0
210929_IC_SEC_0to0_8,0,8,0.0,3.3,0.3,4.2,0.1,0.3,1.2,2.6,2.4,0.2,2.1,0.5,6.7,0.2,0.0,0.1
210929_IC_SEC_0to0_9,0,9,0.0,4.7,0.4,4.8,0.1,0.3,1.3,2.6,2.4,0.1,2.1,0.5,3.0,0.2,0.0,0.0
210929_IC_SEC_0to0_10,0,10,0.0,3.5,0.4,4.9,0.1,0.3,1.3,2.7,2.6,0.1,2.1,0.5,34.8,0.2,0.0,0.0
210929_IC_SEC_0to0_11,0,11,0.0,3.6,0.3,4.9,0.1,0.3,1.4,2.7,2.4,0.1,2.1,0.5,3.0,0.3,0.0,0.0
210929_IC_SEC_0to0_12,0,12,0.0,4.2,0.8,5.8,0.1,0.3,1.7,27.4,27.2,0.1,2.0,0.5,4.0,0.2,0.0,0.0
210929_IC_SEC_0to0_13,0,13,0.0,3.5,0.3,3.7,0.1,0.3,1.4,3.4,3.2,0.1,2.1,0.4,2.4,0.3,0.0,0.0
210929_IC_SEC_0to0_14,0,14,0.0,3.5,0.2,4.1,0.1,0.3,1.2,2.2,2.1,0.1,1.8,0.4,2.7,0.2,0.0,0.0
210929_IC_SEC_0to0_15,0,15,0.0,3.3,0.4,4.1,0.2,0.4,1.4,2.7,2.6,0.1,2.2,0.4,2.6,0.2,0.0,0.0
210929_IC_SEC_0to0_16,0,16,0.0,2.3,0.2,3.9,0.2,0.3,0.6,2.0,1.8,0.0,1.1,0.4,2.7,0.2,0.0,0.0
210929_IC_SEC_0to0_17,0,17,0.0,2.8,0.2,4.6,0.1,0.3,0.5,2.2,1.9,0.0,0.8,0.4,3.4,0.1,0.0,0.0
210929_IC_SEC_0to0_18,0,18,0.0,2.8,0.3,4.1,0.2,0.4,0.7,2.2,2.0,0.1,1.9,0.6,2.7,0.2,0.0,0.0
210929_IC_SEC_0to0_19,0,19,0.0,3.1,0.2,4.1,0.2,0.3,0.7,2.1,1.9,0.1,2.1,0.6,2.6,0.2,0.0,0.0
210929_IC_SEC_0to0_20,0,20,0.0,4.3,0.3,4.2,0.2,0.3,1.0,2.0,1.8,0.1,2.0,0.5,2.6,0.2,0.0,0.0
210929_IC_SEC_0to0_21,0,21,0.0,3.4,0.3,4.4,0.2,0.3,1.0,2.1,1.9,0.1,2.0,0.5,2.7,0.2,0.0,0.0
210929_IC_SEC_0to0_22,0,22,0.0,3.5,0.3,4.4,0.2,0.3,1.2,2.2,2.1,0.1,2.1,0.4,2.9,0.2,0.0,0.0
210929_IC_SEC_0to0_23,0,23,0.0,5.2,0.4,4.8,0.2,0.3,2.5,3.8,3.5,0.1,2.1,0.5,3.1,0.3,0.0,0.0
210929_IC_SEC_0to0_24,0,24,0.0,4.0,0.3,5.8,0.2,0.3,2.8,3.2,3.1,0.1,2.2,0.5,4.5,0.2,0.0,0.0
210929_IC_SEC_0to0_25,0,25,0.0,3.3,0.3,4.3,0.1,0.3,3.4,2.4,2.2,0.1,2.2,0.5,2.5,0.2,0.0,0.0
210929_IC_SEC_0to0_26,0,26,0.0,3.3,0.2,4.3,0.1,0.2,2.6,8.1,7.9,0.1,1.8,0.4,2.7,0.2,0.0,0.0
210929_IC_SEC_0to0_27,0,27,0.0,3.3,0.3,4.2,0.1,0.3,2.2,2.3,2.2,0.1,2.1,0.4,2.7,0.2,0.0,0.0
210929_IC_SEC_0to0_28,0,28,0.0,3.4,0.2,4.1,0.1,0.3,2.0,2.3,2.1,0.1,2.1,0.4,2.5,0.2,0.0,0.0
210929_IC_SEC_0to0_29,0,29,0.0,3.3,0.2,4.5,0.1,0.3,1.9,2.4,2.3,0.1,2.1,0.4,3.1,0.2,0.0,0.0
210929_IC_SEC_0to0_30,0,30,0.0,3.1,0.2,4.1,0.1,0.3,1.8,2.2,2.0,0.1,2.0,0.4,2.6,0.2,0.0,0.0
210929_IC_SEC_0to0_31,0,31,0.0,3.5,0.2,4.4,0.1,0.2,1.8,2.6,2.5,0.1,2.0,0.4,2.7,0.2,0.0,0.0
210929_IC_SEC_0to0_32,0,32,0.0,3.1,0.3,4.1,0.1,0.3,1.7,2.2,2.0,0.1,2.1,0.4,2.6,0.2,0.0,0.0
210929_IC_SEC_0to50_1,50,1,0.0,3.4,0.3,4.5,0.1,0.2,1.7,2.4,2.2,0.1,2.2,0.4,2.8,0.2,0.0,0.0
210929_IC_SEC_0to50_2,50,2,0.0,3.3,0.3,4.5,0.1,0.2,1.7,2.4,2.1,0.1,2.1,0.4,2.7,0.2,0.0,0.0
210929_IC_SEC_0to50_3,50,3,0.0,3.5,0.3,4.6,0.1,0.2,1.8,2.6,2.3,0.1,2.2,0.4,2.9,0.2,0.0,0.0
210929_IC_SEC_0to50_4,50,4,0.0,4.2,0.4,5.3,0.1,0.2,1.7,3.2,2.9,0.1,2.1,0.5,3.2,0.2,0.0,0.0
210929_IC_SEC_0to50_5,50,5,0.0,3.7,0.3,3.8,0.1,0.3,1.7,2.3,2.2,0.1,2.3,0.5,2.6,0.2,0.0,0.0
210929_IC_SEC_0to50_6,50,6,0.0,3.3,0.3,3.9,0.1,0.2,1.4,3.2,3.0,0.1,1.9,0.4,2.6,0.2,0.0,0.0
210929_IC_SEC_0to50_7,50,7,0.0,3.3,0.2,3.9,0.1,0.3,1.6,2.2,1.9,0.1,2.1,0.4,2.5,0.2,0.0,0.0
210929_IC_SEC_0to50_8,50,8,0.0,3.1,0.3,3.7,0.1,0.2,1.6,2.2,2.0,0.1,2.2,0.4,2.7,0.2,0.0,0.0
210929_IC_SEC_0to50_9,50,9,0.0,10.8,0.3,4.5,0.1,0.3,1.6,2.5,2.3,0.1,2.1,0.5,3.1,0.2,0.0,0.0
210929_IC_SEC_0to50_10,50,10,0.0,3.2,0.3,4.0,0.1,0.2,1.6,2.2,2.1,0.1,2.1,0.4,2.5,0.3,0.0,0.0
210929_IC_SEC_0to50_11,50,11,0.0,10.9,0.3,4.6,0.1,0.2,1.6,2.8,2.7,0.1,2.1,0.5,2.7,0.2,0.0,0.0
210929_IC_SEC_0to50_12,50,12,0.0,3.3,0.3,4.2,0.1,0.3,1.5,2.5,2.3,0.1,2.1,0.5,7.6,0.2,0.0,0.0
210929_IC_SEC_0to50_13,50,13,0.0,3.6,0.3,4.3,0.1,0.2,1.5,2.4,2.3,0.1,2.1,0.4,2.6,0.2,0.0,0.0
210929_IC_SEC_0to50_14,50,14,0.0,3.4,0.3,4.3,0.1,0.2,1.5,2.3,2.1,0.1,2.1,0.4,2.6,0.2,0.0,0.0
210929_IC_SEC_0to50_15,50,15,0.0,3.4,0.3,4.4,0.1,0.2,1.5,2.4,2.2,0.1,2.2,0.5,2.7,0.2,0.0,0.0
210929_IC_SEC_0to50_16,50,16,0.0,4.7,0.3,5.4,0.2,1.1,1.5,8.4,8.2,0.1,2.1,0.7,3.6,0.3,0.0,0.0
210929_IC_SEC_0to50_17,50,17,0.0,3.2,0.3,3.7,0.1,0.2,0.6,1.8,1.5,0.0,1.2,0.4,2.6,0.2,0.0,0.0
210929_IC_SEC_0to50_18,50,18,0.0,2.9,0.3,3.8,0.1,0.2,0.9,2.7,2.4,0.1,1.6,0.4,2.7,0.2,0.0,0.0
210929_IC_SEC_0to50_19,50,19,0.0,3.2,0.2,3.8,0.1,0.3,1.1,2.1,1.9,0.1,2.3,0.5,2.6,0.2,0.0,0.0
210929_IC_SEC_0to50_20,50,20,0.0,3.4,0.2,3.8,0.1,0.2,1.3,2.1,1.8,0.1,2.2,0.4,2.9,0.3,0.0,0.0
210929_IC_SEC_0to50_21,50,21,0.0,3.5,0.2,4.1,0.1,0.2,1.2,2.1,2.0,0.1,2.1,0.4,5.6,0.2,0.0,0.0
210929_IC_SEC_0to50_22,50,22,0.0,3.6,0.3,4.0,0.2,0.2,1.0,3.0,2.7,0.1,2.0,0.4,7.0,0.3,0.0,0.0
210929_IC_SEC_0to50_23,50,23,0.0,3.5,0.3,4.2,0.1,0.2,1.4,2.2,2.0,0.1,2.1,0.4,2.7,0.2,0.0,0.0
210929_IC_SEC_0to50_24,50,24,0.0,3.4,0.3,3.8,0.1,0.2,1.8,2.2,1.9,0.1,2.1,0.4,2.6,0.2,0.0,0.0
210929_IC_SEC_0to50_25,50,25,0.0,3.3,0.2,4.1,0.1,0.2,1.5,2.2,2.0,0.1,2.1,0.4,2.7,0.2,0.0,0.0
210929_IC_SEC_0to50_26,50,26,0.0,3.4,0.2,4.3,0.1,0.2,1.8,2.4,2.2,0.1,2.2,0.4,2.7,0.2,0.0,0.0
210929_IC_SEC_0to50_27,50,27,0.0,3.5,0.3,4.2,0.1,0.2,1.7,2.4,2.2,0.1,2.1,1.9,4.0,0.2,0.0,0.1
210929_IC_SEC_0to50_28,50,28,0.0,4.4,0.4,5.0,0.1,0.3,1.7,4.5,4.3,0.1,2.1,0.7,3.9,0.2,0.0,0.0
210929_IC_SEC_0to50_29,50,29,0.0,3.4,0.3,3.7,0.1,0.2,1.8,2.2,2.1,0.1,2.2,0.4,2.5,0.2,0.0,0.0
210929_IC_SEC_0to50_30,50,30,0.0,3.2,0.2,3.9,0.1,0.2,1.3,2.1,1.9,0.1,1.9,0.4,2.6,0.4,0.0,0.0
210929_IC_SEC_0to50_31,50,31,0.0,3.1,0.2,3.7,0.1,0.2,1.4,2.1,1.9,0.1,2.1,0.4,2.4,0.7,0.0,0.0
210929_IC_SEC_0to50_32,50,32,0.0,3.4,0.3,3.8,0.1,0.2,1.4,2.2,2.0,0.1,2.2,0.4,2.5,0.8,0.0,0.0
210929_IC_SEC_50to100_1,100,1,0.0,3.7,0.2,4.1,0.1,0.2,1.1,2.3,2.1,0.1,2.2,0.4,2.7,0.3,0.0,0.0
210929_IC_SEC_50to100_2,100,2,0.0,2.9,0.3,3.9,0.1,0.2,1.1,2.2,2.0,0.1,2.2,0.4,2.5,0.3,0.0,0.0
210929_IC_SEC_50to100_3,100,3,0.0,4.0,0.3,4.4,0.1,0.2,1.1,3.2,3.1,0.1,2.2,0.5,3.6,0.2,0.0,0.0
210929_IC_SEC_50to100_4,100,4,0.0,3.1,0.2,4.0,0.1,0.2,1.1,2.3,2.2,0.1,2.2,0.4,2.6,0.2,0.0,0.0
210929_IC_SEC_50to100_5,100,5,0.0,3.7,0.3,4.1,0.1,0.2,1.2,3.0,2.9,0.1,2.3,0.5,3.0,0.2,0.0,0.0
210929_IC_SEC_50to100_6,100,6,0.0,3.5,0.2,4.2,0.1,0.3,1.2,3.3,3.1,0.1,2.3,0.5,3.0,0.2,0.0,0.0
210929_IC_SEC_50to100_7,100,7,0.0,4.4,0.3,4.1,0.1,0.2,1.1,2.4,2.2,0.1,2.3,0.5,2.9,0.2,0.0,0.0
210929_IC_SEC_50to100_8,100,8,0.0,4.5,0.4,5.5,0.1,0.2,1.1,5.0,4.8,0.1,2.2,0.6,4.0,0.2,0.0,0.0
210929_IC_SEC_50to100_9,100,9,0.0,3.6,0.2,3.7,0.1,0.2,1.3,2.8,2.7,0.1,2.3,0.4,2.8,0.4,0.0,0.0
210929_IC_SEC_50to100_10,100,10,0.0,3.1,0.3,3.9,0.1,0.2,0.9,2.1,1.9,0.0,2.0,0.4,2.6,3.7,0.0,0.0
210929_IC_SEC_50to100_11,100,11,0.0,3.1,0.3,3.8,0.1,0.2,1.0,2.2,2.0,0.1,2.1,0.4,2.6,157.0,0.0,0.0
210929_IC_SEC_50to100_12,100,12,0.0,4.7,0.3,3.9,0.1,0.2,1.0,2.3,2.1,0.0,2.2,0.4,2.6,0.4,0.0,0.0
210929_IC_SEC_50to100_13,100,13,0.0,3.8,0.3,4.0,0.1,0.2,1.1,4.3,4.1,0.1,2.2,0.5,2.8,0.3,0.0,0.0
210929_IC_SEC_50to100_14,100,14,0.0,3.3,0.2,3.9,0.1,0.2,1.0,2.2,2.1,0.0,2.2,0.4,2.6,0.3,0.0,0.0
210929_IC_SEC_50to100_15,100,15,0.0,4.7,0.3,4.3,0.1,0.2,1.0,2.4,2.3,0.0,2.2,0.4,2.8,0.2,0.0,0.0
210929_IC_SEC_50to100_16,100,16,0.0,3.0,0.3,3.9,0.1,0.3,0.9,2.4,2.3,0.0,2.2,0.4,2.7,0.2,0.0,0.0
210929_IC_SEC_50to100_17,100,17,0.0,2.9,0.3,4.4,0.1,0.2,0.5,2.0,1.8,0.0,1.2,0.4,3.1,0.2,0.0,0.0
210929_IC_SEC_50to100_18,100,18,0.0,3.5,0.2,4.1,0.1,0.2,0.8,2.4,2.3,0.0,2.0,0.7,7.5,0.2,0.0,0.0
210929_IC_SEC_50to100_19,100,19,0.0,3.8,0.3,4.1,0.1,0.4,1.0,3.8,3.7,0.0,2.4,0.5,2.9,0.2,0.0,0.0
210929_IC_SEC_50to100_20,100,20,0.0,4.4,0.4,4.7,0.1,0.2,0.9,2.9,2.7,0.0,2.1,0.5,4.4,0.2,0.0,0.0
210929_IC_SEC_50to100_21,100,21,0.0,150.2,0.2,3.7,0.1,0.2,0.8,2.2,2.1,0.0,2.4,0.5,2.7,0.3,0.0,0.0
210929_IC_SEC_50to100_22,100,22,0.0,3.7,0.3,3.9,0.1,0.2,0.6,2.0,1.8,0.0,1.8,0.5,2.9,1.5,0.0,0.0
210929_IC_SEC_50to100_23,100,23,0.0,3.3,0.3,3.8,0.2,0.2,0.7,1.9,1.8,0.0,2.1,0.5,2.7,122.5,0.0,0.0
210929_IC_SEC_50to100_24,100,24,0.0,3.3,0.2,4.0,0.1,0.2,1.2,2.2,2.0,0.0,2.2,0.5,2.8,0.4,0.0,0.0
210929_IC_SEC_50to100_25,100,25,0.0,3.6,0.3,4.0,0.1,0.2,1.1,2.4,2.3,0.0,2.2,0.5,42.0,0.2,0.0,0.0
210929_IC_SEC_50to100_26,100,26,0.0,3.5,0.2,4.2,0.1,0.2,1.1,2.7,2.6,0.0,2.3,0.5,2.9,0.2,0.0,0.0
210929_IC_SEC_50to100_27,100,27,0.0,4.5,0.3,4.4,0.1,0.2,1.1,3.3,3.1,0.0,2.2,0.6,3.0,0.2,0.0,0.0
210929_IC_SEC_50to100_28,100,28,0.0,3.2,0.2,4.1,0.1,0.2,1.1,2.4,2.2,0.0,2.1,0.5,2.9,0.2,0.0,0.0
210929_IC_SEC_50to100_29,100,29,0.0,3.6,0.2,4.2,0.1,0.2,1.1,2.7,2.5,0.0,2.2,0.5,11.1,0.2,0.0,0.0
210929_IC_SEC_50to100_30,100,30,0.0,3.2,0.2,4.2,0.1,0.2,1.0,2.5,2.3,0.0,2.1,0.5,2.8,0.2,0.0,0.0
210929_IC_SEC_50to100_31,100,31,0.0,3.7,0.3,4.4,0.1,0.2,1.1,2.8,2.7,0.0,2.2,0.5,2.8,0.2,0.0,0.0
210929_IC_SEC_50to100_32,100,32,0.0,4.0,0.3,4.7,0.1,0.2,1.0,3.0,2.8,0.0,2.1,0.5,3.4,0.2,0.0,0.0
210929_IC_SEC_100to150_1,150,1,0.0,3.4,0.3,0.7,0.2,0.2,0.8,1.7,1.5,0.0,2.4,0.2,0.8,0.3,0.0,0.0
210929_IC_SEC_100to150_2,150,2,0.0,2.9,0.2,0.7,0.2,0.2,0.8,1.7,1.4,0.0,2.3,0.1,0.6,0.2,0.0,0.0
210929_IC_SEC_100to150_3,150,3,0.0,3.9,0.2,0.7,0.2,0.2,0.8,1.8,1.5,0.0,2.3,0.1,0.6,0.2,0.0,0.0
210929_IC_SEC_100to150_4,150,4,0.0,233.6,0.2,0.7,0.2,0.2,0.9,1.9,1.7,0.0,2.5,0.2,0.7,0.2,0.0,0.0
210929_IC_SEC_100to150_5,150,5,0.0,2.7,0.2,0.7,0.2,0.2,0.7,1.5,1.3,0.0,2.2,0.1,0.5,0.3,0.0,0.0
210929_IC_SEC_100to150_6,150,6,0.0,2.4,0.2,0.7,0.2,0.2,0.7,1.5,1.2,0.0,2.2,0.1,0.5,0.2,0.0,0.0
210929_IC_SEC_100to150_7,150,7,0.0,2.5,0.1,0.8,0.2,0.2,0.7,1.5,1.3,0.0,2.1,0.1,0.6,0.2,0.0,0.0
210929_IC_SEC_100to150_8,150,8,0.0,2.6,0.2,1.0,0.2,0.2,0.7,1.6,1.3,0.0,2.1,0.2,0.6,0.2,0.0,0.0
210929_IC_SEC_100to150_9,150,9,0.0,4.5,0.2,1.3,0.2,0.8,0.8,5.5,5.6,0.0,2.1,0.2,1.6,0.2,0.0,0.0
210929_IC_SEC_100to150_10,150,10,0.0,3.0,0.3,1.4,0.2,0.2,0.7,1.7,1.5,0.0,2.2,0.2,0.8,0.2,0.0,0.0
210929_IC_SEC_100to150_11,150,11,0.0,3.0,0.1,1.4,0.2,0.2,0.7,1.6,1.5,0.0,2.1,0.2,0.9,0.2,0.0,0.0
210929_IC_SEC_100to150_12,150,12,0.0,2.8,0.2,2.5,0.2,0.2,0.7,1.8,1.7,0.0,2.0,0.2,1.5,0.2,0.0,0.0
210929_IC_SEC_100to150_13,150,13,0.0,4.2,0.2,0.6,0.2,0.2,0.6,1.4,1.2,0.0,1.9,0.1,0.6,0.2,0.0,0.0
210929_IC_SEC_100to150_14,150,14,0.0,2.8,0.2,0.6,0.2,0.2,0.6,1.4,1.1,0.0,1.8,0.1,0.4,0.2,0.0,0.0
210929_IC_SEC_100to150_15,150,15,0.0,3.9,0.3,0.9,0.3,0.4,0.9,2.0,1.7,0.0,2.6,0.2,0.9,0.2,0.0,0.0
210929_IC_SEC_100to150_16,150,16,0.0,3.4,0.4,1.1,0.3,0.5,0.9,2.5,2.2,0.1,3.0,0.2,0.8,0.3,0.0,0.0
210929_IC_SEC_100to150_17,150,17,0.0,3.0,0.3,1.0,0.2,0.3,0.5,2.7,2.3,0.0,1.9,0.2,3.0,0.4,0.0,0.0
210929_IC_SEC_100to150_18,150,18,0.0,3.4,0.3,1.0,0.3,0.3,0.7,1.9,1.5,0.0,2.6,0.2,0.8,0.3,0.0,0.0
210929_IC_SEC_100to150_19,150,19,0.0,9.4,0.3,1.2,0.3,0.6,1.3,6.8,6.7,0.1,4.3,0.6,17.3,1.1,0.0,0.1
210929_IC_SEC_100to150_20,150,20,0.0,3.8,0.3,1.4,0.3,0.3,0.9,2.1,1.7,0.0,2.6,0.2,0.9,0.3,0.0,0.0
210929_IC_SEC_100to150_21,150,21,0.0,3.7,0.2,1.5,0.3,0.3,0.8,2.0,1.6,0.0,2.5,0.2,0.9,0.2,0.0,0.0
210929_IC_SEC_100to150_22,150,22,0.0,3.1,0.2,1.2,0.3,0.3,0.5,3.0,2.7,0.0,2.1,0.2,0.8,0.2,0.0,0.0
210929_IC_SEC_100to150_23,150,23,0.0,2.9,0.2,1.0,0.3,0.2,0.3,1.4,1.1,0.0,1.7,0.2,0.6,0.2,0.0,0.0
210929_IC_SEC_100to150_24,150,24,0.0,3.6,0.2,1.1,0.2,0.2,0.9,1.6,1.3,0.0,1.9,0.2,0.9,0.2,0.0,0.0
210929_IC_SEC_100to150_25,150,25,0.0,2.9,0.2,0.9,0.2,0.2,1.0,1.8,1.6,0.0,1.9,0.2,1.2,0.2,0.0,0.0
210929_IC_SEC_100to150_26,150,26,0.0,2.2,0.1,1.2,0.2,0.2,1.3,1.4,1.1,0.0,1.7,0.1,0.5,0.2,0.0,0.0
210929_IC_SEC_100to150_27,150,27,0.0,2.0,0.2,0.8,0.2,0.2,0.9,1.2,0.9,0.0,1.5,0.1,0.4,0.1,0.0,0.0
210929_IC_SEC_100to150_28,150,28,0.0,2.0,0.2,0.6,0.2,0.1,0.7,1.2,0.9,0.0,1.4,0.1,0.4,0.1,0.0,0.0
210929_IC_SEC_100to150_29,150,29,0.0,1.7,0.1,0.5,0.2,0.1,0.6,1.1,0.8,0.0,1.4,0.1,0.4,0.1,0.0,0.0
210929_IC_SEC_100to150_30,150,30,0.0,1.8,0.1,0.5,0.2,0.1,0.6,1.1,0.8,0.0,1.3,0.1,1.6,0.2,0.0,0.0
210929_IC_SEC_100to150_31,150,31,0.0,2.1,0.1,0.6,0.2,0.1,0.5,1.0,0.8,0.0,1.3,0.1,0.4,0.1,0.0,0.0
210929_IC_SEC_100to150_32,150,32,0.0,1.8,0.1,0.9,0.1,0.1,0.5,1.1,0.9,0.0,1.2,0.1,0.5,0.1,0.0,0.0
210929_IC_SEC_150to200_1,200,1,0.0,2.6,0.1,1.3,0.3,0.2,0.6,1.8,1.3,0.0,2.0,0.2,0.9,0.3,0.0,0.0
210929_IC_SEC_150to200_2,200,2,0.0,2.6,0.2,1.0,0.3,0.2,0.6,1.7,1.4,0.0,1.9,0.1,1.5,0.2,0.0,0.0
210929_IC_SEC_150to200_3,200,3,0.0,2.6,0.3,0.9,0.3,0.2,0.6,1.6,1.1,0.0,1.8,0.1,0.6,0.2,0.0,0.0
210929_IC_SEC_150to200_4,200,4,0.0,2.5,0.2,1.1,0.3,0.2,0.5,1.6,1.2,0.0,1.8,0.1,0.6,0.2,0.0,0.0
210929_IC_SEC_150to200_5,200,5,0.0,2.8,0.2,0.8,0.3,0.2,0.6,2.5,2.2,0.0,1.7,0.1,0.6,0.2,0.0,0.2
210929_IC_SEC_150to200_6,200,6,0.0,6.3,0.1,0.6,0.3,0.2,0.5,1.4,1.1,0.0,1.6,0.1,0.4,0.2,0.0,0.0
210929_IC_SEC_150to200_7,200,7,0.0,2.1,0.2,0.7,0.3,0.2,0.5,1.4,1.0,0.0,1.6,0.1,0.5,0.2,0.0,0.0
210929_IC_SEC_150to200_8,200,8,0.0,2.1,0.2,0.6,0.2,0.2,0.5,1.4,1.0,0.0,1.6,0.1,1.1,0.2,0.0,0.0
210929_IC_SEC_150to200_9,200,9,0.0,3.2,0.3,1.0,0.3,0.3,0.8,2.2,1.8,0.0,3.0,0.2,0.7,0.4,0.0,0.0
210929_IC_SEC_150to200_10,200,10,0.0,3.6,0.3,1.1,0.3,0.3,0.9,2.4,2.0,0.0,3.1,0.3,0.8,0.6,0.0,0.0
210929_IC_SEC_150to200_11,200,11,0.0,3.3,0.3,1.4,0.3,0.3,0.9,2.2,1.8,0.0,3.3,0.2,0.9,0.4,0.0,0.0
210929_IC_SEC_150to200_12,200,12,0.0,3.3,0.4,2.2,0.3,0.3,0.9,2.4,2.1,0.0,3.2,0.2,1.2,0.4,0.0,0.0
210929_IC_SEC_150to200_13,200,13,0.0,3.2,0.4,1.5,0.3,0.3,0.8,2.2,1.8,0.0,2.8,0.2,0.9,0.4,0.0,0.0
210929_IC_SEC_150to200_14,200,14,0.0,3.2,0.3,1.3,0.3,0.3,0.8,2.3,2.0,0.0,2.8,0.2,0.9,0.4,0.0,0.0
210929_IC_SEC_150to200_15,200,15,0.0,3.3,0.3,1.3,0.3,0.3,0.8,2.3,1.9,0.1,3.1,0.3,2.4,0.4,0.0,0.0
210929_IC_SEC_150to200_16,200,16,0.0,2.9,0.4,1.5,0.3,0.6,0.8,2.9,2.4,0.1,4.4,0.3,1.8,0.6,0.0,0.0
210929_IC_SEC_150to200_17,200,17,0.0,2.0,0.4,0.9,0.3,0.6,0.7,2.8,2.3,0.1,3.2,0.2,0.7,1.4,0.0,0.0
210929_IC_SEC_150to200_18,200,18,0.0,2.4,0.3,0.7,0.2,0.4,0.7,1.9,1.7,0.0,2.8,0.2,0.6,0.9,0.0,0.0
210929_IC_SEC_150to200_19,200,19,0.0,2.6,0.2,0.8,0.2,0.3,0.7,2.0,1.6,0.0,2.7,0.2,4.1,0.5,0.0,0.0
210929_IC_SEC_150to200_20,200,20,0.0,2.7,0.2,0.7,0.3,0.3,0.7,4.7,4.4,0.0,2.7,0.2,0.6,0.4,0.0,0.0
210929_IC_SEC_150to200_21,200,21,0.0,2.6,0.2,0.7,0.2,0.3,0.7,1.9,1.5,0.0,2.7,0.2,0.6,0.4,0.0,0.0
210929_IC_SEC_150to200_22,200,22,0.0,3.0,0.2,0.8,0.3,0.3,0.6,1.9,1.5,0.0,2.6,0.2,0.6,0.6,0.0,0.0
210929_IC_SEC_150to200_23,200,23,0.0,11.9,0.3,0.9,0.4,0.4,0.3,1.8,1.4,0.0,2.4,0.2,0.6,0.4,0.0,0.0
210929_IC_SEC_150to200_24,200,24,0.0,3.0,0.3,1.1,0.5,0.3,0.3,1.9,1.6,0.0,2.2,0.3,0.7,0.3,0.0,0.0
210929_IC_SEC_150to200_25,200,25,0.0,3.4,0.2,1.2,0.4,0.3,0.7,2.2,1.7,0.0,2.7,0.3,1.3,1.3,0.0,0.0
210929_IC_SEC_150to200_26,200,26,0.0,3.3,0.2,1.6,0.3,0.3,1.4,2.0,1.5,0.0,2.8,0.2,20.5,0.4,0.0,0.0
210929_IC_SEC_150to200_27,200,27,0.0,4.6,0.2,1.5,0.3,0.4,1.5,2.6,2.2,0.0,2.8,0.2,0.8,0.4,0.0,0.0
210929_IC_SEC_150to200_28,200,28,0.0,5.6,0.2,1.5,0.3,0.3,1.2,2.3,2.0,0.0,2.7,0.3,1.2,0.3,0.0,0.0
210929_IC_SEC_150to200_29,200,29,0.0,3.1,0.3,1.3,0.3,0.3,1.2,2.0,1.7,0.0,2.7,0.2,0.7,0.4,0.0,0.0
210929_IC_SEC_150to200_30,200,30,0.0,2.9,0.2,0.9,0.3,0.3,1.0,2.2,1.7,0.0,2.6,0.2,2.1,0.7,0.0,0.0
210929_IC_SEC_150to200_31,200,31,0.0,3.0,0.3,0.9,0.3,0.3,0.9,1.9,1.5,0.0,2.6,0.2,113.7,1.0,0.0,0.0
210929_IC_SEC_150to200_32,200,32,0.0,2.9,0.3,0.8,0.3,0.3,0.9,1.9,1.5,0.0,2.6,0.2,0.6,1.0,0.0,0.0
210929_IC_SEC_200to250_1,250,1,0.0,2.3,0.2,0.6,0.2,0.2,0.5,1.4,1.2,0.0,1.8,0.1,0.7,0.4,0.0,0.0
210929_IC_SEC_200to250_2,250,2,0.0,2.3,0.1,0.5,0.2,0.2,0.5,1.3,1.1,0.0,1.7,0.1,0.4,0.3,0.0,0.0
210929_IC_SEC_200to250_3,250,3,0.0,2.3,0.1,0.5,0.2,0.2,0.4,1.2,1.0,0.0,1.6,0.1,0.4,0.2,0.0,0.0
210929_IC_SEC_200to250_4,250,4,0.0,2.2,0.1,0.7,0.2,0.2,0.5,1.4,1.2,0.0,1.7,0.1,0.6,0.2,0.0,0.0
210929_IC_SEC_200to250_5,250,5,0.0,3.0,0.2,0.6,0.2,0.2,0.5,1.3,1.1,0.0,1.6,0.1,0.5,0.2,0.0,0.0
210929_IC_SEC_200to250_6,250,6,0.0,2.4,0.2,0.5,0.2,0.2,0.5,1.2,1.0,0.0,1.6,0.1,0.5,0.2,0.0,0.0
210929_IC_SEC_200to250_7,250,7,0.0,2.6,0.2,0.6,0.2,0.2,0.5,1.3,1.1,0.0,1.7,0.2,0.5,0.2,0.0,0.0
210929_IC_SEC_200to250_8,250,8,0.0,10.4,0.1,1.0,0.2,0.2,0.5,1.6,1.4,0.0,1.6,0.3,2.8,0.2,0.0,0.0
210929_IC_SEC_200to250_9,250,9,0.0,338.1,0.2,0.6,0.2,0.2,0.5,1.4,1.2,0.0,1.7,0.2,0.6,0.3,0.0,0.0
210929_IC_SEC_200to250_10,250,10,0.0,2.5,0.2,0.5,0.2,0.2,0.5,1.4,1.2,0.0,1.9,0.1,2.1,6.6,0.0,0.0
210929_IC_SEC_200to250_11,250,11,0.0,2.0,0.3,0.5,0.2,0.2,0.4,1.2,1.0,0.0,1.8,0.1,0.5,100.1,0.0,0.0
210929_IC_SEC_200to250_12,250,12,0.0,1.9,0.2,0.5,0.1,0.2,0.5,1.3,1.0,0.0,1.7,0.1,1.0,0.4,0.0,0.0
210929_IC_SEC_200to250_13,250,13,0.0,5.6,0.6,1.4,0.2,0.2,0.7,5.6,5.4,0.0,1.6,0.2,0.9,0.4,0.0,0.0
210929_IC_SEC_200to250_14,250,14,0.0,1.8,0.2,0.4,0.1,0.2,0.4,1.4,1.2,0.0,1.5,0.2,0.5,0.2,0.0,0.0
210929_IC_SEC_200to250_15,250,15,0.0,1.7,0.2,0.4,0.2,0.2,0.4,1.2,1.0,0.0,1.9,0.4,0.5,0.2,0.0,0.0
210929_IC_SEC_200to250_16,250,16,0.0,1.7,0.2,0.6,0.2,0.5,0.5,1.8,1.5,0.0,2.2,0.3,0.9,0.3,0.0,0.0
210929_IC_SEC_200to250_17,250,17,0.0,1.7,0.2,0.6,0.2,0.5,0.5,2.5,2.2,0.0,2.2,0.2,0.5,1.2,0.0,0.0
210929_IC_SEC_200to250_18,250,18,0.0,3.1,0.2,0.7,0.2,0.3,0.6,1.8,1.6,0.0,1.8,0.3,2.3,0.7,0.0,0.0
210929_IC_SEC_200to250_19,250,19,0.1,3.4,0.2,1.0,0.2,0.3,0.5,5.5,5.4,0.1,1.5,0.4,3.3,0.3,0.0,0.0
210929_IC_SEC_200to250_20,250,20,0.1,2.9,0.2,0.8,0.2,0.2,0.4,3.8,3.7,0.1,1.5,0.2,0.7,0.2,0.0,0.0
210929_IC_SEC_200to250_21,250,21,0.0,2.3,0.1,0.4,0.2,0.2,0.4,1.2,1.0,0.0,1.5,0.1,0.4,0.4,0.0,0.0
210929_IC_SEC_200to250_22,250,22,0.0,2.4,0.1,0.5,0.2,0.2,0.4,1.8,1.5,0.0,1.5,0.1,0.4,0.8,0.0,0.0
210929_IC_SEC_200to250_23,250,23,0.0,2.0,0.2,0.4,0.2,0.2,0.2,1.2,0.9,0.0,1.3,0.2,0.4,98.0,0.0,0.0
210929_IC_SEC_200to250_24,250,24,0.0,2.3,0.2,0.4,0.3,0.2,0.1,1.2,1.0,0.0,1.2,0.2,0.4,0.9,0.0,0.0
210929_IC_SEC_200to250_25,250,25,0.0,2.1,0.1,0.5,0.3,0.2,0.1,1.5,1.3,0.0,1.2,0.2,0.4,0.2,0.0,0.0
210929_IC_SEC_200to250_26,250,26,0.0,40.0,0.3,0.6,0.2,0.2,0.5,4.1,3.9,0.0,1.6,0.4,9.2,0.2,0.0,0.1
210929_IC_SEC_200to250_27,250,27,0.0,2.4,0.1,0.7,0.2,0.2,0.4,1.2,0.9,0.0,1.5,0.1,8.8,0.2,0.0,0.0
210929_IC_SEC_200to250_28,250,28,0.0,6.6,0.1,0.5,0.2,0.2,0.4,1.2,1.0,0.0,1.5,0.1,0.5,0.2,0.0,0.0
210929_IC_SEC_200to250_29,250,29,0.0,2.2,0.1,0.6,0.1,0.2,0.5,2.0,1.8,0.0,1.4,0.1,0.4,0.2,0.0,0.0
210929_IC_SEC_200to250_30,250,30,0.0,3.6,0.2,0.9,0.2,0.2,0.4,1.3,1.1,0.0,1.5,0.2,0.6,0.2,0.0,0.0
210929_IC_SEC_200to250_31,250,31,0.0,2.5,0.1,0.6,0.2,0.2,0.4,1.2,1.0,0.0,1.5,0.1,0.6,0.2,0.0,0.0
210929_IC_SEC_200to250_32,250,32,0.0,2.6,0.2,0.8,0.1,0.2,0.4,1.2,1.1,0.0,1.4,0.2,0.6,0.2,0.0,0.0
210929_IC_SEC_250to300_1,300,1,0.2,3.1,0.2,0.8,0.2,0.9,0.5,11.2,11.0,0.1,1.7,0.3,21.0,0.2,0.0,0.0
210929_IC_SEC_250to300_2,300,2,0.2,3.1,0.2,0.7,0.2,0.2,0.4,7.3,6.9,0.1,1.5,0.2,0.6,0.2,0.0,0.0
210929_IC_SEC_250to300_3,300,3,0.1,5.9,0.1,0.9,0.2,0.2,0.4,3.1,2.9,0.1,1.6,0.2,0.7,0.2,0.0,0.0
210929_IC_SEC_250to300_4,300,4,0.0,63.6,0.2,0.8,0.2,0.2,0.4,1.8,1.5,0.0,1.5,0.2,0.7,0.2,0.0,0.0
210929_IC_SEC_250to300_5,300,5,0.1,2.7,0.2,0.8,0.1,0.2,0.4,2.9,2.7,0.0,1.4,0.2,0.6,0.2,0.0,0.0
210929_IC_SEC_250to300_6,300,6,0.2,2.9,0.1,0.8,0.1,0.2,0.4,8.7,8.5,0.1,1.5,0.7,0.6,0.2,0.0,0.0
210929_IC_SEC_250to300_7,300,7,0.0,2.5,0.2,0.8,0.2,0.2,0.4,2.2,1.9,0.0,1.5,0.2,0.6,0.2,0.0,0.0
210929_IC_SEC_250to300_8,300,8,0.0,3.4,0.2,0.8,0.2,0.2,0.4,1.7,1.4,0.0,1.5,0.2,0.9,0.2,0.0,0.0
210929_IC_SEC_250to300_9,300,9,0.0,2.4,0.2,0.9,0.2,0.2,0.4,1.5,1.3,0.0,1.7,0.1,0.7,0.2,0.0,0.0
210929_IC_SEC_250to300_10,300,10,0.0,2.4,0.2,0.8,0.2,0.2,0.4,2.2,2.0,0.0,1.7,0.2,0.7,0.2,0.0,0.0
210929_IC_SEC_250to300_11,300,11,0.0,7.4,0.2,0.9,0.2,0.2,0.4,1.4,1.1,0.0,1.7,0.2,1.6,0.2,0.0,0.0
210929_IC_SEC_250to300_12,300,12,0.0,3.7,0.2,0.9,0.2,0.2,0.4,1.4,1.2,0.0,1.5,0.3,1.7,0.2,0.0,0.0
210929_IC_SEC_250to300_13,300,13,0.2,2.7,0.2,0.8,0.2,0.2,0.5,8.9,8.6,0.1,1.6,0.4,1.7,0.2,0.0,0.0
210929_IC_SEC_250to300_14,300,14,0.4,2.6,0.2,0.8,0.2,0.2,0.4,19.3,18.9,0.3,1.5,0.8,1.3,0.2,0.0,0.0
210929_IC_SEC_250to300_15,300,15,0.1,2.6,0.2,0.8,0.2,0.2,0.4,3.6,3.4,0.1,2.0,1.6,1.1,0.2,0.0,0.0
210929_IC_SEC_250to300_16,300,16,0.1,240.0,0.2,0.9,0.2,0.3,0.5,2.6,2.4,0.1,2.1,0.4,1.0,0.2,0.0,0.0
210929_IC_SEC_250to300_17,300,17,0.1,2.0,0.2,0.8,0.2,0.2,0.6,3.6,3.4,0.1,2.4,0.3,0.7,0.5,0.0,0.0
210929_IC_SEC_250to300_18,300,18,0.0,2.1,0.2,0.8,0.2,0.2,0.8,2.0,1.7,0.0,1.9,0.2,0.8,0.5,0.0,0.0
210929_IC_SEC_250to300_19,300,19,0.1,4.1,0.2,0.7,0.2,0.2,0.6,5.2,4.8,0.1,1.4,0.2,0.6,0.3,0.0,0.0
210929_IC_SEC_250to300_20,300,20,0.0,2.4,0.2,0.7,0.1,0.2,0.4,1.5,1.3,0.0,1.4,0.1,0.6,0.2,0.0,0.0
210929_IC_SEC_250to300_21,300,21,0.0,2.6,0.2,0.7,0.1,0.2,0.4,1.3,1.0,0.0,1.4,0.1,0.6,0.2,0.0,0.0
210929_IC_SEC_250to300_22,300,22,0.0,2.6,0.2,0.7,0.2,0.2,0.3,1.6,1.4,0.0,1.4,0.1,0.7,0.2,0.0,0.0
210929_IC_SEC_250to300_23,300,23,0.0,3.4,0.4,1.0,0.2,0.2,0.9,17.9,17.6,0.0,1.3,0.3,3.0,0.2,0.0,0.0
210929_IC_SEC_250to300_24,300,24,0.0,4.1,0.2,0.7,0.2,0.2,0.2,1.3,1.1,0.0,1.2,0.2,0.6,0.2,0.0,0.0
210929_IC_SEC_250to300_25,300,25,0.3,21.9,0.2,0.9,0.2,0.2,0.3,8.2,8.1,0.2,1.4,0.3,1.2,0.2,0.0,0.0
210929_IC_SEC_250to300_26,300,26,0.6,3.6,0.2,0.8,0.2,0.2,0.4,25.7,25.5,0.3,1.4,0.2,0.6,0.2,0.0,0.0
210929_IC_SEC_250to300_27,300,27,0.1,3.3,0.2,0.8,0.1,0.2,0.4,5.1,4.8,0.1,1.3,0.2,0.6,0.2,0.0,0.0
210929_IC_SEC_250to300_28,300,28,0.1,2.8,0.2,0.8,0.1,0.2,0.4,3.4,3.1,0.1,1.4,0.2,0.7,0.2,0.0,0.0
210929_IC_SEC_250to300_29,300,29,0.2,118.7,0.2,0.7,0.2,0.3,0.4,7.9,7.7,0.1,1.4,0.2,0.6,0.2,0.0,0.0
210929_IC_SEC_250to300_30,300,30,0.2,4.2,0.2,0.8,0.1,0.2,0.4,8.1,7.8,0.1,1.4,0.2,0.8,0.2,0.0,0.0
210929_IC_SEC_250to300_31,300,31,0.0,3.3,0.2,0.8,0.1,0.2,0.4,1.5,1.3,0.0,1.3,0.2,0.6,0.2,0.0,0.0
210929_IC_SEC_250to300_32,300,32,0.0,44.9,0.2,0.8,0.2,0.2,0.5,2.5,2.2,0.0,1.6,3.4,2.9,0.2,0.0,0.0
210929_IC_SEC_300to350_1,350,1,0.0,2.7,0.2,0.7,0.2,0.2,0.4,13.6,13.1,0.0,1.4,0.1,0.6,0.2,0.0,0.0
210929_IC_SEC_300to350_2,350,2,0.0,3.6,0.2,0.6,0.1,0.2,0.3,2.2,1.8,0.0,1.4,0.1,1.3,0.2,0.0,0.0
210929_IC_SEC_300to350_3,350,3,0.0,2.6,0.1,0.7,0.2,0.2,0.4,1.3,1.0,0.0,1.4,0.1,0.5,0.2,0.0,0.0
210929_IC_SEC_300to350_4,350,4,0.0,2.8,0.2,0.7,0.1,0.2,0.4,2.5,2.3,0.0,1.4,0.1,0.6,0.2,0.0,0.0
210929_IC_SEC_300to350_5,350,5,1.0,29.5,0.2,0.6,0.2,0.2,0.4,38.9,38.3,0.7,1.7,0.7,0.7,0.2,0.0,0.0
210929_IC_SEC_300to350_6,350,6,0.2,4.7,0.2,0.7,0.2,2.5,0.5,8.1,7.8,0.1,1.4,0.5,20.3,0.2,0.0,0.1
210929_IC_SEC_300to350_7,350,7,0.1,9.7,0.1,0.7,0.2,0.2,0.3,3.0,2.8,0.1,1.3,0.2,3.5,0.2,0.0,0.0
210929_IC_SEC_300to350_8,350,8,0.1,147.4,0.2,0.7,0.2,0.2,0.4,5.2,4.8,0.1,1.5,0.4,0.9,0.2,0.0,0.0
210929_IC_SEC_300to350_9,350,9,0.1,2.5,0.2,0.8,0.1,0.2,0.4,2.4,2.2,0.0,1.5,0.4,1.0,0.2,0.0,0.0
210929_IC_SEC_300to350_10,350,10,0.4,6.5,0.2,0.8,0.2,0.2,0.4,13.9,13.5,0.2,1.4,0.4,1.0,0.2,0.0,0.0
210929_IC_SEC_300to350_11,350,11,0.2,2.4,0.2,0.7,0.2,0.2,0.4,8.2,7.7,0.1,1.2,0.5,1.1,0.2,0.0,0.0
210929_IC_SEC_300to350_12,350,12,0.0,2.4,0.2,0.7,0.1,0.2,0.4,1.8,1.6,0.0,1.2,0.3,1.1,0.2,0.0,0.0
210929_IC_SEC_300to350_13,350,13,0.1,2.2,0.2,0.6,0.2,0.2,0.4,8.2,7.8,0.1,1.3,0.3,0.8,0.2,0.0,0.0
210929_IC_SEC_300to350_14,350,14,0.0,5.8,0.2,0.5,0.2,0.2,0.4,1.6,1.3,0.0,1.2,0.3,0.6,0.2,0.0,0.0
210929_IC_SEC_300to350_15,350,15,0.0,2.5,0.2,0.6,0.2,0.2,0.4,2.1,1.7,0.0,1.3,0.2,0.7,0.2,0.0,0.0
210929_IC_SEC_300to350_16,350,16,0.0,2.0,0.2,0.7,0.1,0.2,0.5,1.5,1.2,0.0,1.3,0.3,0.6,0.2,0.0,0.0
210929_IC_SEC_300to350_17,350,17,0.1,2.6,0.2,0.6,0.2,0.2,0.7,8.0,7.6,0.1,1.9,0.3,0.5,0.3,0.0,0.0
210929_IC_SEC_300to350_18,350,18,0.2,2.9,0.2,0.6,0.2,0.2,0.9,9.1,8.7,0.2,1.7,0.3,0.5,0.4,0.0,0.0
210929_IC_SEC_300to350_19,350,19,0.7,4.0,0.2,0.6,0.1,0.2,0.4,22.8,22.1,0.4,1.4,0.6,0.4,0.2,0.0,0.0
210929_IC_SEC_300to350_20,350,20,0.1,3.3,0.2,0.7,0.1,0.2,0.3,5.7,5.4,0.1,1.3,0.4,0.6,0.2,0.0,0.0
210929_IC_SEC_300to350_21,350,21,0.2,2.8,0.2,0.6,0.1,0.2,0.3,6.7,6.3,0.1,1.3,0.3,0.5,0.2,0.0,0.0
210929_IC_SEC_300to350_22,350,22,0.1,7.5,0.2,0.5,0.2,0.2,0.3,6.4,6.1,0.1,1.4,0.1,0.5,0.2,0.0,0.0
210929_IC_SEC_300to350_23,350,23,0.0,2.9,0.2,0.6,0.2,0.2,0.2,1.5,1.3,0.0,1.2,0.2,0.5,0.2,0.0,0.0
210929_IC_SEC_300to350_24,350,24,0.0,2.0,0.1,0.5,0.2,0.2,0.2,1.2,1.0,0.0,1.1,0.2,0.4,0.2,0.0,0.0
210929_IC_SEC_300to350_25,350,25,0.0,2.2,0.1,0.5,0.2,0.2,0.2,1.2,0.9,0.0,1.3,0.2,0.4,0.2,0.0,0.0
210929_IC_SEC_300to350_26,350,26,0.0,2.1,0.1,0.5,0.2,0.2,0.3,1.0,0.8,0.0,1.3,0.1,0.4,0.2,0.0,0.0
210929_IC_SEC_300to350_27,350,27,0.0,2.4,0.2,0.5,0.1,0.2,0.3,1.3,1.1,0.0,1.3,0.1,0.4,0.2,0.0,0.0
210929_IC_SEC_300to350_28,350,28,0.0,4.2,0.1,0.5,0.2,0.2,0.3,1.1,0.9,0.0,1.3,0.1,0.6,0.2,0.0,0.0
210929_IC_SEC_300to350_29,350,29,0.1,6.2,0.2,0.4,0.2,0.2,0.3,4.8,4.5,0.1,1.3,0.2,0.4,0.2,0.0,0.0
210929_IC_SEC_300to350_30,350,30,0.5,3.6,0.2,0.3,0.1,0.2,0.3,18.4,18.0,0.3,1.5,0.5,0.3,0.2,0.0,0.0
210929_IC_SEC_300to350_31,350,31,0.0,2.8,0.1,0.4,0.1,0.2,0.3,1.5,1.2,0.0,1.3,0.2,0.4,0.2,0.0,0.0
210929_IC_SEC_300to350_32,350,32,0.0,3.9,0.1,0.5,0.1,0.2,0.3,1.8,1.6,0.0,1.3,0.1,0.4,0.2,0.0,0.0
210929_IC_SEC_350to400_1,400,1,0.1,2.7,0.2,0.6,0.2,0.2,0.3,3.4,3.2,0.1,1.4,0.2,0.5,0.2,0.0,0.0
210929_IC_SEC_350to400_2,400,2,0.1,2.5,0.1,0.6,0.2,0.2,0.3,3.8,3.5,0.0,1.4,0.2,0.4,0.2,0.0,0.0
210929_IC_SEC_350to400_3,400,3,0.2,2.7,0.2,0.6,0.2,0.2,0.4,8.4,8.2,0.1,1.5,2.1,0.4,0.2,0.0,0.0
210929_IC_SEC_350to400_4,400,4,0.0,2.5,0.2,0.6,0.2,0.2,0.3,2.7,2.5,0.0,1.4,0.2,0.4,0.2,0.0,0.0
210929_IC_SEC_350to400_5,400,5,0.0,2.6,0.2,0.5,0.2,0.2,0.3,1.8,1.6,0.0,1.5,0.2,0.6,0.2,0.0,0.0
210929_IC_SEC_350to400_6,400,6,0.0,2.4,0.2,0.6,0.2,0.2,0.4,1.6,1.3,0.0,1.6,0.5,1.4,0.2,0.0,0.0
210929_IC_SEC_350to400_7,400,7,0.0,3.0,0.2,0.6,0.2,0.2,0.4,1.8,1.5,0.0,1.4,0.5,1.8,0.2,0.0,0.2
210929_IC_SEC_350to400_8,400,8,0.0,2.3,0.2,0.6,0.2,0.2,0.4,2.3,2.0,0.0,1.4,0.7,2.5,0.2,0.0,0.0
210929_IC_SEC_350to400_9,400,9,0.3,9.3,0.2,0.6,0.2,0.3,0.5,13.4,13.2,0.2,1.5,1.0,2.5,0.3,0.0,0.0
210929_IC_SEC_350to400_10,400,10,0.1,7.3,0.2,0.5,0.2,0.2,0.3,5.4,5.0,0.1,1.2,0.5,1.6,0.2,0.0,0.0
210929_IC_SEC_350to400_11,400,11,1.6,13.0,0.2,0.6,0.2,0.2,0.4,57.8,57.9,0.9,1.7,1.8,1.5,0.2,0.0,0.0
210929_IC_SEC_350to400_12,400,12,0.2,357.8,0.2,0.6,0.2,0.2,0.5,10.2,9.8,0.1,1.3,0.6,1.1,0.2,0.0,0.0
210929_IC_SEC_350to400_13,400,13,0.0,3.2,0.2,0.6,0.2,0.2,0.4,1.7,1.4,0.0,1.1,0.3,0.9,0.2,0.0,0.0
210929_IC_SEC_350to400_14,400,14,0.0,2.0,0.2,0.6,0.2,0.2,0.3,1.8,1.5,0.0,1.2,0.3,0.7,0.2,0.0,0.0
210929_IC_SEC_350to400_15,400,15,0.0,2.0,0.2,0.5,0.1,0.2,0.3,2.6,2.4,0.0,1.2,0.3,0.5,0.6,0.0,0.0
210929_IC_SEC_350to400_16,400,16,0.0,11.1,0.3,0.6,0.2,0.2,0.4,1.6,1.3,0.0,1.3,0.2,0.5,4.0,0.0,0.0
210929_IC_SEC_350to400_17,400,17,0.0,3.5,0.3,0.5,0.2,0.2,1.0,1.8,1.5,0.0,2.0,0.2,0.5,6.6,0.0,0.0
210929_IC_SEC_350to400_18,400,18,0.0,4.6,0.2,0.5,0.2,0.2,1.0,1.9,1.7,0.0,1.6,0.2,0.5,1.0,0.0,0.0
210929_IC_SEC_350to400_19,400,19,0.0,2.7,0.2,0.6,0.2,0.2,0.4,1.6,1.3,0.0,1.2,0.2,0.6,0.2,0.0,0.0
210929_IC_SEC_350to400_20,400,20,0.0,3.8,0.2,0.6,0.2,0.2,0.3,1.3,1.1,0.0,1.3,0.2,8.6,0.2,0.0,0.0
210929_IC_SEC_350to400_21,400,21,0.2,15.2,0.3,0.6,0.2,0.3,0.5,34.9,35.0,0.1,1.4,0.2,5.8,0.2,0.0,0.0
210929_IC_SEC_350to400_22,400,22,0.1,4.2,0.2,0.4,0.2,0.2,0.3,5.5,5.3,0.1,1.4,0.2,26.3,0.2,0.0,0.0
210929_IC_SEC_350to400_23,400,23,2.4,5.0,0.2,0.5,0.2,0.2,0.3,78.7,78.4,1.3,1.4,0.4,0.4,0.2,0.0,0.0
210929_IC_SEC_350to400_24,400,24,0.0,10.5,0.2,0.4,0.3,0.2,0.1,2.5,2.2,0.0,1.2,0.2,1.9,0.2,0.0,0.0
210929_IC_SEC_350to400_25,400,25,2.0,4.7,0.2,0.5,0.2,0.2,0.3,122.6,122.7,1.6,1.4,0.2,0.4,0.2,0.0,0.0
210929_IC_SEC_350to400_26,400,26,0.0,9.4,0.1,0.5,0.2,0.2,0.3,1.5,1.2,0.0,1.3,0.1,0.4,0.2,0.0,0.0
210929_IC_SEC_350to400_27,400,27,0.0,3.0,0.2,0.6,0.2,0.2,0.3,1.2,0.8,0.0,1.3,0.1,0.4,0.2,0.0,0.0
210929_IC_SEC_350to400_28,400,28,0.0,2.6,0.1,0.6,0.2,0.2,0.3,1.3,1.0,0.0,1.3,0.1,0.4,0.2,0.0,0.0
210929_IC_SEC_350to400_29,400,29,0.0,2.6,0.1,0.5,0.1,0.2,0.3,1.2,1.0,0.0,1.3,0.1,0.4,0.2,0.0,0.0
210929_IC_SEC_350to400_30,400,30,0.0,2.6,0.2,0.4,0.2,0.2,0.3,1.2,0.9,0.0,1.4,0.1,0.4,0.2,0.0,0.0
210929_IC_SEC_350to400_31,400,31,0.0,3.5,0.3,0.5,0.2,0.3,0.4,3.1,2.9,0.0,1.4,0.5,1.6,0.2,0.0,0.1
210929_IC_SEC_350to400_32,400,32,0.0,2.6,0.2,0.5,0.1,0.2,0.3,2.1,1.8,0.0,1.4,0.2,0.5,0.2,0.0,0.0
210929_IC_SEC_400to450_1,450,1,0.1,3.1,0.2,0.4,0.2,0.2,0.4,4.6,4.4,0.1,1.5,0.3,0.4,0.3,0.0,0.0
210929_IC_SEC_400to450_2,450,2,0.1,3.4,0.1,0.4,0.2,0.2,0.3,4.1,3.8,0.1,1.5,0.2,0.4,0.2,0.0,0.0
210929_IC_SEC_400to450_3,450,3,0.2,3.5,0.2,0.3,0.2,0.2,0.3,8.6,8.4,0.1,1.5,0.2,0.3,0.2,0.0,0.0
210929_IC_SEC_400to450_4,450,4,0.1,3.3,0.2,0.3,0.2,0.2,0.3,3.8,3.5,0.1,1.4,0.2,0.4,0.2,0.0,0.0
210929_IC_SEC_400to450_5,450,5,0.6,4.1,0.2,0.4,0.2,0.2,0.4,24.8,24.4,0.5,1.8,2.2,0.7,0.3,0.0,0.0
210929_IC_SEC_400to450_6,450,6,0.0,4.9,0.3,0.4,0.2,0.2,0.4,2.9,2.7,0.0,1.8,0.8,3.1,0.3,0.0,0.1
210929_IC_SEC_400to450_7,450,7,0.1,2.3,0.2,0.4,0.2,0.2,0.3,5.4,5.1,0.1,1.4,0.7,3.1,0.2,0.0,0.0
210929_IC_SEC_400to450_8,450,8,0.1,2.4,0.2,0.4,0.2,0.2,0.3,5.2,5.0,0.1,1.3,0.6,2.8,0.3,0.0,0.0
210929_IC_SEC_400to450_9,450,9,0.1,2.7,0.2,0.4,0.2,0.2,0.3,2.4,2.1,0.0,1.1,0.3,1.3,0.3,0.0,0.0
210929_IC_SEC_400to450_10,450,10,0.1,2.7,0.2,0.4,0.2,0.2,0.3,7.6,7.4,0.1,1.2,0.6,2.0,0.3,0.0,0.0
210929_IC_SEC_400to450_11,450,11,0.1,2.4,0.2,0.4,0.2,0.2,0.3,3.1,2.8,0.0,1.2,0.4,1.6,0.3,0.0,0.0
210929_IC_SEC_400to450_12,450,12,0.0,4.6,0.2,0.5,0.2,0.2,0.3,1.6,1.2,0.0,1.0,0.3,3.8,0.3,0.0,0.0
210929_IC_SEC_400to450_13,450,13,0.2,2.3,0.2,0.4,0.2,0.2,0.3,7.0,6.7,0.1,1.1,0.4,0.6,0.3,0.0,0.0
210929_IC_SEC_400to450_14,450,14,0.1,2.4,0.2,0.4,0.2,0.2,0.3,5.5,5.2,0.1,1.2,0.8,0.5,0.3,0.0,0.0
210929_IC_SEC_400to450_15,450,15,0.1,5.6,0.2,0.4,0.2,0.2,0.3,3.3,2.9,0.1,1.1,0.3,0.4,3.1,0.0,0.0
210929_IC_SEC_400to450_16,450,16,0.9,3.2,0.3,0.4,0.2,0.3,0.4,52.2,51.8,0.6,1.3,0.3,0.4,3.8,0.0,0.0
210929_IC_SEC_400to450_17,450,17,0.2,2.6,0.3,0.4,0.3,0.3,1.4,11.9,11.7,0.2,1.8,0.4,0.4,2.3,0.0,0.0
210929_IC_SEC_400to450_18,450,18,0.2,4.3,0.2,0.3,0.2,0.2,0.6,10.6,10.0,0.2,1.1,0.3,0.3,0.4,0.0,0.0
210929_IC_SEC_400to450_19,450,19,0.1,2.3,0.1,0.4,0.2,0.2,0.3,2.1,1.8,0.0,1.0,0.2,0.3,0.2,0.0,0.0
210929_IC_SEC_400to450_20,450,20,0.1,2.9,0.2,0.4,0.2,0.2,0.3,2.0,1.7,0.0,1.1,0.1,0.4,0.2,0.0,0.0
210929_IC_SEC_400to450_21,450,21,0.0,3.9,0.2,0.4,0.2,0.2,0.3,1.7,1.5,0.0,1.1,0.1,0.3,0.2,0.0,0.0
210929_IC_SEC_400to450_22,450,22,0.0,2.7,0.2,0.4,0.2,0.2,0.3,2.2,1.9,0.0,1.1,0.1,0.4,0.3,0.0,0.0
210929_IC_SEC_400to450_23,450,23,0.1,2.8,0.3,0.4,0.3,0.2,0.1,4.9,4.6,0.1,1.0,0.7,0.4,0.2,0.0,0.0
210929_IC_SEC_400to450_24,450,24,0.0,3.1,0.2,0.6,0.3,0.2,0.1,1.3,1.0,0.0,1.0,0.2,0.6,0.2,0.0,0.0
210929_IC_SEC_400to450_25,450,25,0.1,3.6,0.1,0.4,0.2,0.2,0.3,4.5,4.2,0.1,1.3,0.3,0.3,0.3,0.0,0.0
210929_IC_SEC_400to450_26,450,26,0.2,2.8,0.2,0.4,0.2,0.2,0.3,5.3,4.9,0.1,1.2,0.2,0.4,0.2,0.0,0.0
210929_IC_SEC_400to450_27,450,27,0.1,3.0,0.1,0.4,0.2,0.2,0.3,3.3,3.0,0.1,1.2,0.2,13.7,0.2,0.0,0.0
210929_IC_SEC_400to450_28,450,28,0.0,2.5,0.1,0.3,0.2,0.2,0.3,1.7,1.6,0.0,1.1,0.1,0.3,0.2,0.0,0.0
210929_IC_SEC_400to450_29,450,29,0.1,2.9,0.2,0.3,0.2,0.2,0.3,5.7,5.4,0.1,1.2,0.2,0.3,0.2,0.0,0.0
210929_IC_SEC_400to450_30,450,30,0.1,2.5,0.1,0.3,0.2,0.2,0.3,4.5,4.3,0.1,1.2,0.2,0.3,0.2,0.0,0.0
210929_IC_SEC_400to450_31,450,31,0.0,2.4,0.2,0.4,0.2,0.2,0.3,1.2,0.9,0.0,1.1,0.1,0.3,0.2,0.0,0.0
210929_IC_SEC_400to450_32,450,32,0.0,2.6,0.2,0.4,0.2,0.2,0.3,1.6,1.3,0.0,1.1,0.1,0.4,0.2,0.0,0.0
210929_IC_SEC_450to500_1,500,1,0.1,3.2,0.2,0.5,0.2,0.2,0.3,2.3,2.1,0.0,1.1,0.2,0.5,0.2,0.0,0.0
210929_IC_SEC_450to500_2,500,2,0.0,2.9,0.2,0.5,0.2,0.2,0.3,1.7,1.5,0.0,1.1,0.1,0.8,0.2,0.0,0.0
210929_IC_SEC_450to500_3,500,3,0.0,2.5,0.2,0.5,0.2,0.2,0.3,1.1,0.8,0.0,1.1,0.1,0.5,0.2,0.0,0.0
210929_IC_SEC_450to500_4,500,4,0.0,4.5,0.2,0.8,0.2,0.2,0.3,2.2,1.9,0.0,1.1,0.2,3.0,0.2,0.0,0.0
210929_IC_SEC_450to500_5,500,5,0.7,2.7,0.3,0.6,0.2,0.2,0.3,16.7,16.8,0.3,1.4,0.5,1.5,0.2,0.0,0.0
210929_IC_SEC_450to500_6,500,6,0.2,2.3,0.3,0.6,0.2,0.2,0.3,9.7,9.4,0.2,1.6,1.3,5.2,0.2,0.0,0.1
210929_IC_SEC_450to500_7,500,7,0.0,1.9,0.2,0.4,0.1,0.2,0.3,3.0,2.8,0.0,1.2,0.5,3.4,0.3,0.0,0.0
210929_IC_SEC_450to500_8,500,8,0.0,46.0,0.2,0.4,0.2,0.2,0.3,1.6,1.3,0.0,1.1,0.4,2.4,0.2,0.0,0.0
210929_IC_SEC_450to500_9,500,9,0.2,3.5,0.2,0.4,0.2,0.2,0.3,7.8,7.7,0.1,1.1,0.4,1.6,0.2,0.0,0.0
210929_IC_SEC_450to500_10,500,10,0.3,2.9,0.1,0.4,0.2,0.2,0.3,15.0,14.8,0.2,2.0,0.3,1.1,0.3,0.0,0.0
210929_IC_SEC_450to500_11,500,11,0.0,2.3,0.2,0.4,0.2,0.2,0.3,1.7,1.5,0.0,1.0,0.2,1.1,0.2,0.0,0.0
210929_IC_SEC_450to500_12,500,12,0.1,2.2,0.1,0.4,0.2,0.2,0.3,2.9,2.6,0.0,1.0,0.2,0.8,0.2,0.0,0.0
210929_IC_SEC_450to500_13,500,13,0.0,2.5,0.2,0.4,0.2,0.2,0.3,1.9,1.6,0.0,0.9,0.2,0.7,0.3,0.0,0.0
210929_IC_SEC_450to500_14,500,14,0.1,2.6,0.1,0.4,0.2,0.2,0.3,4.9,4.9,0.1,1.2,1.3,4.8,0.2,0.0,0.0
210929_IC_SEC_450to500_15,500,15,0.0,2.6,0.2,0.6,0.2,0.2,0.3,4.0,3.8,0.0,0.9,0.3,1.4,0.3,0.0,0.0
210929_IC_SEC_450to500_16,500,16,0.2,2.5,0.3,0.7,0.2,0.2,0.3,7.2,7.1,0.1,0.8,0.2,1.0,0.4,0.0,0.0
210929_IC_SEC_450to500_17,500,17,0.1,8.1,0.3,0.5,0.2,0.2,1.3,8.5,8.5,0.2,1.5,0.5,0.5,0.5,0.0,0.0
210929_IC_SEC_450to500_18,500,18,0.1,2.4,0.2,0.4,0.2,0.2,0.9,4.9,4.6,0.1,0.9,0.3,0.3,0.4,0.0,0.0
210929_IC_SEC_450to500_19,500,19,0.1,40.3,0.1,0.4,0.1,0.2,0.3,6.0,6.0,0.1,0.7,0.2,0.4,0.2,0.0,0.0
210929_IC_SEC_450to500_20,500,20,0.1,2.6,0.2,0.4,0.2,0.2,0.2,5.6,5.4,0.1,0.9,0.2,0.5,0.3,0.0,0.0
210929_IC_SEC_450to500_21,500,21,0.2,53.3,0.2,0.4,0.1,0.2,0.3,10.5,10.5,0.1,0.8,0.2,0.4,0.2,0.0,0.0
210929_IC_SEC_450to500_22,500,22,0.1,2.5,0.2,0.4,0.2,0.2,0.2,3.0,2.8,0.0,0.8,0.1,0.4,0.3,0.0,0.0
210929_IC_SEC_450to500_23,500,23,0.1,2.3,0.2,0.4,0.2,0.2,0.1,2.2,2.0,0.0,0.8,0.1,0.4,0.2,0.0,0.0
210929_IC_SEC_450to500_24,500,24,0.0,3.1,0.2,0.3,0.3,0.2,0.1,2.1,1.9,0.0,0.7,0.2,0.4,0.2,0.0,0.0
210929_IC_SEC_450to500_25,500,25,0.0,2.3,0.1,0.4,0.2,0.2,0.2,0.9,0.7,0.0,0.9,0.1,0.4,0.2,0.0,0.0
210929_IC_SEC_450to500_26,500,26,0.0,4.0,0.2,0.4,0.2,0.2,0.2,1.3,1.1,0.0,0.9,0.1,0.4,0.2,0.0,0.0
210929_IC_SEC_450to500_27,500,27,0.0,2.4,0.1,0.4,0.1,0.2,0.2,1.5,1.3,0.0,0.9,0.1,0.7,0.2,0.0,0.0
210929_IC_SEC_450to500_28,500,28,0.0,3.4,0.2,0.6,0.2,0.2,0.4,2.9,2.7,0.0,0.9,0.2,2.1,0.2,0.0,0.0
210929_IC_SEC_450to500_29,500,29,0.6,14.5,0.2,0.4,0.2,0.2,0.3,26.0,26.4,0.4,1.0,0.7,0.4,0.2,0.0,0.0
210929_IC_SEC_450to500_30,500,30,0.2,3.1,0.1,0.4,0.2,0.2,0.3,9.7,9.5,0.2,0.9,0.3,0.4,0.5,0.0,0.0
210929_IC_SEC_450to500_31,500,31,0.0,7.9,0.1,0.4,0.2,0.2,0.3,1.6,1.3,0.0,0.9,0.2,0.5,4.8,0.0,0.0
210929_IC_SEC_450to500_32,500,32,0.1,111.9,0.2,0.4,0.2,0.2,0.3,5.5,5.4,0.1,0.9,0.1,0.4,1.0,0.0,0.0
210929_IC_SEC_500to550_1,550,1,0.3,4.1,0.2,0.4,0.2,0.2,0.3,8.7,8.6,0.2,0.9,0.1,0.4,0.3,0.0,0.0
210929_IC_SEC_500to550_2,550,2,0.1,2.4,0.2,0.4,0.2,0.2,0.3,3.5,3.3,0.1,0.9,0.2,0.4,0.3,0.0,0.0
210929_IC_SEC_500to550_3,550,3,0.0,3.0,0.2,0.4,0.2,0.2,0.3,1.6,1.4,0.0,0.9,0.1,0.6,0.2,0.0,0.0
210929_IC_SEC_500to550_4,550,4,0.0,2.4,0.1,0.4,0.2,0.2,0.3,1.4,1.2,0.0,0.9,0.1,0.5,0.2,0.0,0.0
210929_IC_SEC_500to550_5,550,5,0.1,3.8,0.3,0.5,0.2,0.2,0.3,2.8,2.6,0.0,1.2,0.4,1.3,0.2,0.0,0.0
210929_IC_SEC_500to550_6,550,6,0.1,3.2,0.3,0.5,0.2,0.2,0.3,3.5,3.4,0.1,1.4,0.7,3.1,0.2,0.0,0.0
210929_IC_SEC_500to550_7,550,7,0.0,2.7,0.2,0.6,0.2,0.2,0.3,1.9,1.7,0.0,1.1,0.4,2.1,0.2,0.0,0.0
210929_IC_SEC_500to550_8,550,8,0.1,3.3,0.2,0.6,0.2,0.2,0.3,4.2,4.1,0.1,1.1,0.5,3.9,0.2,0.0,0.0
210929_IC_SEC_500to550_9,550,9,0.1,135.8,0.2,0.5,0.2,0.2,0.3,3.3,3.2,0.1,1.1,0.3,1.0,0.4,0.0,0.0
210929_IC_SEC_500to550_10,550,10,0.1,2.4,0.1,0.4,0.2,0.2,0.3,3.6,3.5,0.1,1.1,0.3,0.8,6.2,0.0,0.0
210929_IC_SEC_500to550_11,550,11,0.0,2.4,0.2,0.4,0.2,0.2,0.3,2.4,2.3,0.0,1.1,0.3,0.7,144.8,0.1,0.0
210929_IC_SEC_500to550_12,550,12,0.3,28.6,0.2,0.4,0.1,0.2,0.3,8.6,8.5,0.1,1.0,0.2,0.6,1.1,0.0,0.0
210929_IC_SEC_500to550_13,550,13,0.2,2.5,0.2,0.3,0.2,0.2,0.3,9.4,9.4,0.2,1.6,0.3,0.4,0.5,0.0,0.0
210929_IC_SEC_500to550_14,550,14,0.1,5.5,0.1,0.4,0.1,0.2,0.3,2.8,2.7,0.0,0.9,0.3,0.5,0.3,0.0,0.0
210929_IC_SEC_500to550_15,550,15,0.1,2.6,0.1,0.4,0.2,0.2,0.3,3.4,3.3,0.1,0.9,0.3,0.6,0.2,0.0,0.0
210929_IC_SEC_500to550_16,550,16,0.1,10.4,0.2,0.5,0.2,0.2,0.3,2.7,2.5,0.0,0.9,0.2,0.6,0.3,0.0,0.0
210929_IC_SEC_500to550_17,550,17,0.0,29.4,0.2,0.5,0.2,0.2,1.4,1.5,1.3,0.0,1.4,0.3,0.5,0.3,0.0,0.0
210929_IC_SEC_500to550_18,550,18,0.0,3.4,0.2,0.4,0.2,0.2,0.8,1.2,1.0,0.0,0.8,0.2,0.4,0.3,0.0,0.0
210929_IC_SEC_500to550_19,550,19,0.0,2.5,0.2,0.5,0.2,0.2,0.3,1.4,1.2,0.0,0.7,0.2,0.5,0.2,0.0,0.0
210929_IC_SEC_500to550_20,550,20,0.1,4.2,0.2,0.6,0.2,0.2,0.3,5.1,5.0,0.1,1.9,0.2,0.9,0.2,0.0,0.0
210929_IC_SEC_500to550_21,550,21,0.1,8.7,0.2,0.4,0.2,0.2,0.2,3.5,3.4,0.1,0.8,0.4,0.5,1.0,0.0,0.0
210929_IC_SEC_500to550_22,550,22,0.2,3.7,0.2,0.4,0.2,0.2,0.3,14.0,14.2,0.3,0.8,2.7,0.4,3.6,0.0,0.0
210929_IC_SEC_500to550_23,550,23,0.4,2.8,0.2,0.4,0.2,0.2,0.1,16.1,16.2,0.3,0.8,0.4,0.4,41.6,0.0,0.0
210929_IC_SEC_500to550_24,550,24,0.1,21.1,0.2,0.3,0.3,0.2,0.1,2.5,2.4,0.0,0.7,0.2,0.7,0.3,0.0,0.0
210929_IC_SEC_500to550_25,550,25,0.1,4.0,0.2,0.3,0.2,0.2,0.2,1.8,1.6,0.0,0.8,0.2,0.4,0.2,0.0,0.0
210929_IC_SEC_500to550_26,550,26,0.0,2.3,0.2,0.4,0.2,0.2,0.2,1.4,1.2,0.0,0.8,0.1,0.4,0.2,0.0,0.0
210929_IC_SEC_500to550_27,550,27,0.1,2.6,0.1,0.4,0.2,0.2,0.2,2.7,2.5,0.1,1.0,0.2,0.8,0.2,0.0,0.0
210929_IC_SEC_500to550_28,550,28,0.1,174.5,0.1,0.4,0.2,0.2,0.3,4.0,3.9,0.1,0.9,0.3,0.5,0.2,0.0,0.0
210929_IC_SEC_500to550_29,550,29,0.0,3.6,0.2,0.4,0.2,0.2,0.2,1.2,1.1,0.0,0.9,0.1,0.8,0.2,0.0,0.0
210929_IC_SEC_500to550_30,550,30,0.1,2.7,0.1,0.4,0.2,0.2,0.2,2.5,2.2,0.0,0.8,0.5,6.5,0.2,0.0,0.1
210929_IC_SEC_500to550_31,550,31,0.0,6.3,0.2,0.5,0.2,0.2,0.3,1.4,1.2,0.0,0.9,0.1,0.5,0.4,0.0,0.0
210929_IC_SEC_500to550_32,550,32,0.0,2.7,0.2,0.5,0.2,0.2,0.3,0.9,0.7,0.0,0.9,0.4,0.4,0.2,0.0,0.0
210929_IC_SEC_550to600_1,600,1,0.0,5.6,0.2,0.5,0.2,0.2,0.3,0.9,0.7,0.0,0.9,0.1,75.3,0.2,0.0,0.0
210929_IC_SEC_550to600_2,600,2,0.0,2.7,0.2,0.4,0.2,0.2,0.2,0.8,0.6,0.0,0.9,0.1,0.4,0.2,0.0,0.0
210929_IC_SEC_550to600_3,600,3,0.0,2.7,0.1,0.4,0.2,0.2,0.3,0.8,0.6,0.0,0.9,0.1,0.4,0.2,0.0,0.0
210929_IC_SEC_550to600_4,600,4,0.0,10.6,0.2,0.5,0.2,0.2,0.2,0.8,0.6,0.0,0.9,0.1,0.4,0.2,0.0,0.0
210929_IC_SEC_550to600_5,600,5,0.0,2.4,0.4,0.6,0.2,0.2,0.3,1.7,1.5,0.0,1.3,0.4,1.6,0.2,0.0,0.0
210929_IC_SEC_550to600_6,600,6,0.0,3.5,0.3,0.5,0.2,0.2,0.3,1.8,1.6,0.0,1.3,0.6,2.5,0.2,0.0,0.0
210929_IC_SEC_550to600_7,600,7,0.0,4.7,0.2,0.5,0.2,0.2,0.3,1.1,0.8,0.0,1.1,0.3,1.1,0.2,0.0,0.0
210929_IC_SEC_550to600_8,600,8,0.0,7.9,0.1,0.5,0.2,0.2,0.3,1.0,0.7,0.0,1.0,0.2,0.8,0.2,0.0,0.0
210929_IC_SEC_550to600_9,600,9,0.0,3.6,0.1,0.4,0.1,0.2,0.2,0.9,0.7,0.0,1.0,0.1,5.9,0.2,0.0,0.0
210929_IC_SEC_550to600_10,600,10,0.0,2.6,0.2,0.5,0.2,0.2,0.3,0.9,0.7,0.0,1.1,0.1,0.6,0.2,0.0,0.0
210929_IC_SEC_550to600_11,600,11,0.0,15.2,0.2,0.5,0.1,0.2,0.2,0.9,0.7,0.0,1.2,0.2,0.9,0.2,0.0,0.0
210929_IC_SEC_550to600_12,600,12,0.0,3.0,0.2,0.5,0.2,0.2,0.3,1.0,0.7,0.0,1.1,0.2,1.6,0.2,0.0,0.0
210929_IC_SEC_550to600_13,600,13,0.0,2.7,0.2,0.5,0.2,0.3,0.3,2.0,1.8,0.0,1.0,0.2,0.5,0.2,0.0,0.0
210929_IC_SEC_550to600_14,600,14,0.0,2.9,0.2,0.5,0.2,0.2,0.3,0.9,0.7,0.0,0.9,0.2,0.7,0.2,0.0,0.0
210929_IC_SEC_550to600_15,600,15,0.0,7.0,0.2,0.5,0.2,0.2,0.3,0.9,0.6,0.0,0.8,0.1,0.7,0.2,0.0,0.0
210929_IC_SEC_550to600_16,600,16,0.0,2.5,0.2,0.5,0.1,0.2,0.3,0.8,0.6,0.0,0.8,0.1,0.6,0.2,0.0,0.0
210929_IC_SEC_550to600_17,600,17,0.0,2.3,0.2,0.5,0.2,0.2,1.5,1.5,1.3,0.0,1.3,0.3,0.5,0.3,0.0,0.0
210929_IC_SEC_550to600_18,600,18,0.0,6.9,0.2,0.4,0.2,0.2,0.8,1.1,0.9,0.0,0.8,0.2,0.4,0.3,0.0,0.0
210929_IC_SEC_550to600_19,600,19,0.0,2.5,0.2,0.5,0.1,0.2,0.2,0.7,0.5,0.0,0.6,0.1,0.7,0.2,0.0,0.0
210929_IC_SEC_550to600_20,600,20,0.0,2.5,0.2,0.4,0.2,0.2,0.2,0.7,0.5,0.0,0.7,0.1,0.4,0.2,0.0,0.0
210929_IC_SEC_550to600_21,600,21,0.0,2.2,0.1,0.4,0.1,0.2,0.2,0.7,0.5,0.0,0.7,0.1,0.4,0.2,0.0,0.0
210929_IC_SEC_550to600_22,600,22,0.0,2.5,0.1,0.5,0.2,0.2,0.2,0.8,0.5,0.0,0.8,0.1,0.4,0.2,0.0,0.0
210929_IC_SEC_550to600_23,600,23,0.0,2.2,0.1,0.4,0.2,0.2,2.3,266.2,273.4,0.0,20.2,0.1,0.5,0.2,0.0,0.0
210929_IC_SEC_550to600_24,600,24,0.0,2.7,0.2,0.5,0.2,0.1,0.1,1.7,1.6,0.0,0.7,0.4,0.5,0.2,0.0,0.0
210929_IC_SEC_550to600_25,600,25,0.0,2.3,0.1,0.5,0.2,0.2,0.1,0.7,0.6,0.0,0.7,0.1,0.5,0.2,0.0,0.0
210929_IC_SEC_550to600_26,600,26,0.0,2.7,0.1,0.4,0.1,0.1,0.2,0.7,0.5,0.0,0.7,0.1,0.4,0.2,0.0,0.0
210929_IC_SEC_550to600_27,600,27,0.0,3.0,0.1,0.4,0.1,0.1,0.7,0.7,0.5,0.0,0.7,0.1,1.5,0.2,0.0,0.0
210929_IC_SEC_550to600_28,600,28,0.0,2.3,0.1,0.4,0.1,0.2,0.2,0.7,0.5,0.0,0.8,0.1,0.5,0.2,0.0,0.0
210929_IC_SEC_550to600_29,600,29,0.0,5.7,0.1,0.5,0.1,0.1,0.2,1.0,0.8,0.0,0.8,0.1,0.4,0.2,0.0,0.0
210929_IC_SEC_550to600_30,600,30,0.0,2.3,0.2,0.4,0.1,0.1,0.2,0.7,0.5,0.0,0.7,0.1,0.4,0.2,0.0,0.0
210929_IC_SEC_550to600_31,600,31,0.0,2.6,0.2,0.4,0.1,0.1,0.2,0.7,0.5,0.0,0.7,0.1,0.4,0.2,0.0,0.0
210929_IC_SEC_550to600_32,600,32,0.0,3.5,0.2,0.5,0.1,0.2,0.2,0.9,0.7,0.0,0.8,0.1,0.7,0.2,0.0,0.0
210929_IC_SEC_600to650_1,650,1,0.0,2.7,0.2,0.4,0.1,0.2,0.2,1.2,0.9,0.0,0.9,0.1,5.6,0.2,0.0,0.0
210929_IC_SEC_600to650_2,650,2,0.0,2.5,0.2,0.4,0.1,0.2,0.2,1.2,0.9,0.0,0.9,0.1,0.4,0.2,0.0,0.0
210929_IC_SEC_600to650_3,650,3,0.0,5.2,0.4,0.7,0.1,0.2,0.4,1.3,0.9,0.0,0.9,0.1,0.6,0.2,0.0,0.0
210929_IC_SEC_600to650_4,650,4,0.0,2.8,0.1,0.5,0.2,0.2,0.2,1.4,1.0,0.0,1.0,0.1,0.6,0.2,0.0,0.0
210929_IC_SEC_600to650_5,650,5,0.0,2.2,0.2,0.5,0.2,0.2,0.2,1.7,1.5,0.0,1.2,0.3,1.1,0.2,0.0,0.0
210929_IC_SEC_600to650_6,650,6,0.0,2.2,0.2,0.4,0.1,0.2,0.2,1.9,1.6,0.0,1.3,0.4,1.6,0.2,0.0,0.0
210929_IC_SEC_600to650_7,650,7,0.0,2.1,0.1,0.4,0.1,0.1,0.2,1.4,1.0,0.0,1.0,0.2,0.7,0.2,0.0,0.0
210929_IC_SEC_600to650_8,650,8,0.0,4.1,0.2,0.4,0.2,0.2,0.2,1.3,1.0,0.0,1.0,0.2,0.6,0.2,0.0,0.0
210929_IC_SEC_600to650_9,650,9,0.0,3.0,0.1,0.4,0.2,0.3,0.2,2.4,2.1,0.0,1.1,0.2,0.6,0.2,0.0,0.0
210929_IC_SEC_600to650_10,650,10,0.0,12.6,0.1,0.5,0.1,0.2,0.2,1.4,1.0,0.0,1.2,0.1,0.7,0.2,0.0,0.0
210929_IC_SEC_600to650_11,650,11,0.0,5.6,0.2,0.5,0.1,0.2,0.3,1.3,0.9,0.0,1.3,0.1,0.6,0.2,0.0,0.0
210929_IC_SEC_600to650_12,650,12,0.0,2.1,0.2,0.4,0.2,0.2,0.2,1.8,1.4,0.0,1.1,0.1,0.5,0.2,0.0,0.0
210929_IC_SEC_600to650_13,650,13,0.0,3.0,0.2,0.4,0.2,0.2,0.2,1.3,1.0,0.0,1.0,0.2,0.8,0.2,0.0,0.0
210929_IC_SEC_600to650_14,650,14,0.0,3.4,0.1,0.4,0.2,0.2,0.2,1.3,1.0,0.0,0.9,0.2,0.6,0.2,0.0,0.0
210929_IC_SEC_600to650_15,650,15,0.0,8.0,0.2,0.6,0.1,0.2,0.3,4.0,3.6,0.0,0.8,0.2,1.4,0.2,0.0,0.0
210929_IC_SEC_600to650_16,650,16,0.0,3.3,0.2,0.5,0.1,0.2,0.3,1.3,1.0,0.0,0.8,0.2,0.6,0.2,0.0,0.0
210929_IC_SEC_600to650_17,650,17,0.0,2.2,0.2,0.4,0.2,0.2,1.5,2.2,1.9,0.0,1.4,0.3,1.3,0.3,0.0,0.0
210929_IC_SEC_600to650_18,650,18,0.0,2.7,0.2,0.4,0.2,0.2,1.0,1.8,1.5,0.0,0.8,0.2,1.7,0.3,0.0,0.0
210929_IC_SEC_600to650_19,650,19,0.0,3.6,0.2,0.3,0.1,0.2,0.3,1.1,0.8,0.0,0.6,0.1,3.7,0.2,0.0,0.0
210929_IC_SEC_600to650_20,650,20,0.0,3.5,0.2,0.4,0.1,0.2,0.2,1.2,0.8,0.0,0.7,0.1,1.5,0.2,0.0,0.0
210929_IC_SEC_600to650_21,650,21,0.0,4.0,0.2,0.4,0.1,0.2,0.2,1.2,0.8,0.0,0.7,0.1,1.6,0.2,0.0,0.0
210929_IC_SEC_600to650_22,650,22,0.0,4.2,0.2,0.4,0.1,0.2,0.2,1.4,1.0,0.0,0.7,0.1,1.9,0.2,0.0,0.0
210929_IC_SEC_600to650_23,650,23,0.0,3.0,0.2,0.4,0.2,0.2,0.1,1.2,1.0,0.0,0.7,0.1,1.2,0.2,0.0,0.0
210929_IC_SEC_600to650_24,650,24,0.0,2.9,0.3,0.4,0.2,0.2,0.1,2.0,1.6,0.0,0.7,0.2,1.2,0.2,0.0,0.0
210929_IC_SEC_600to650_25,650,25,0.0,14.8,0.2,0.4,0.2,0.2,0.1,1.3,0.9,0.0,0.8,0.2,1.2,0.2,0.0,0.0
210929_IC_SEC_600to650_26,650,26,0.0,3.0,0.2,0.4,0.2,0.2,0.2,1.7,1.3,0.0,0.8,0.1,1.7,0.2,0.0,0.0
210929_IC_SEC_600to650_27,650,27,0.0,3.1,0.2,0.4,0.2,0.2,0.3,1.3,1.0,0.0,0.8,0.2,1.1,0.2,0.0,0.0
210929_IC_SEC_600to650_28,650,28,0.0,2.9,0.1,0.4,0.2,0.2,0.2,1.2,0.8,0.0,0.8,0.1,0.5,0.2,0.0,0.0
210929_IC_SEC_600to650_29,650,29,0.0,5.0,0.2,0.6,0.2,0.2,0.2,1.5,1.1,0.0,0.9,0.1,1.4,0.2,0.0,0.0
210929_IC_SEC_600to650_30,650,30,0.0,2.8,0.1,0.3,0.2,0.2,0.2,1.2,0.8,0.0,0.9,0.1,1.4,0.2,0.0,0.0
210929_IC_SEC_600to650_31,650,31,0.0,4.4,0.1,0.3,0.1,0.2,0.2,2.1,1.8,0.0,1.0,0.1,1.5,0.2,0.0,0.0
210929_IC_SEC_600to650_32,650,32,0.0,3.2,0.2,0.4,0.1,0.2,0.2,1.2,0.8,0.0,0.9,0.1,1.1,0.2,0.0,0.0
210929_IC_SEC_650to700_1,700,1,0.0,4.1,0.2,0.3,0.1,0.2,0.2,1.0,0.7,0.0,0.9,0.1,1.3,0.2,0.0,0.0
210929_IC_SEC_650to700_2,700,2,0.0,3.5,0.2,0.5,0.2,0.2,0.2,1.5,1.3,0.0,0.9,0.1,1.2,0.2,0.0,0.0
210929_IC_SEC_650to700_3,700,3,0.0,2.8,0.1,0.3,0.2,0.2,0.2,1.1,0.8,0.0,0.9,0.1,0.9,0.2,0.0,0.0
210929_IC_SEC_650to700_4,700,4,0.0,3.1,0.1,0.3,0.2,0.2,0.2,1.3,1.0,0.0,0.9,0.1,1.0,0.2,0.0,0.0
210929_IC_SEC_650to700_5,700,5,0.0,2.4,0.2,0.4,0.1,0.2,0.2,1.2,0.9,0.0,1.3,0.2,0.8,0.2,0.0,0.0
210929_IC_SEC_650to700_6,700,6,0.0,2.2,0.1,0.4,0.1,0.2,0.2,1.4,1.1,0.0,1.3,1.1,1.5,0.2,0.0,0.0
210929_IC_SEC_650to700_7,700,7,0.0,2.7,0.2,0.4,0.2,0.2,0.2,1.2,0.9,0.0,1.1,0.2,0.6,0.2,0.0,0.0
210929_IC_SEC_650to700_8,700,8,0.0,2.6,0.2,0.3,0.1,0.2,0.2,1.1,0.8,0.0,1.0,0.2,0.5,0.2,0.0,0.0
210929_IC_SEC_650to700_9,700,9,0.0,3.2,0.2,0.5,0.1,0.2,0.3,1.8,1.5,0.0,1.1,0.2,1.3,0.2,0.0,0.0
210929_IC_SEC_650to700_10,700,10,0.0,2.6,0.2,0.3,0.1,0.2,0.2,1.0,0.8,0.0,1.3,0.1,1.6,0.2,0.0,0.0
210929_IC_SEC_650to700_11,700,11,0.0,4.4,0.1,0.3,0.1,0.2,0.2,1.1,0.8,0.0,1.2,0.1,0.8,0.2,0.0,0.0
210929_IC_SEC_650to700_12,700,12,0.0,2.2,0.1,0.3,0.1,0.2,0.2,1.0,0.7,0.0,1.1,0.1,0.4,0.2,0.0,0.0
210929_IC_SEC_650to700_13,700,13,0.0,2.6,0.2,0.4,0.2,0.2,0.2,1.1,0.7,0.0,1.0,0.1,0.9,0.2,0.0,0.0
210929_IC_SEC_650to700_14,700,14,0.0,2.7,0.2,0.3,0.1,0.2,0.2,1.0,0.7,0.0,0.8,0.1,1.3,0.2,0.0,0.0
210929_IC_SEC_650to700_15,700,15,0.0,2.3,0.2,0.3,0.1,0.2,0.2,1.0,0.8,0.0,0.8,0.1,0.4,0.2,0.0,0.0
210929_IC_SEC_650to700_16,700,16,0.0,2.0,0.2,0.3,0.1,0.2,0.2,1.0,0.7,0.0,0.7,0.1,0.4,0.2,0.0,0.0
210929_IC_SEC_650to700_17,700,17,0.0,1.8,0.2,0.4,0.2,0.2,1.3,1.7,1.5,0.0,1.4,0.3,0.4,0.3,0.0,0.0
210929_IC_SEC_650to700_18,700,18,0.0,2.1,0.1,0.3,0.2,0.2,1.1,1.6,1.2,0.0,0.8,0.2,0.3,0.3,0.0,0.0
210929_IC_SEC_650to700_19,700,19,0.0,2.3,0.2,0.3,0.1,0.2,0.2,0.9,0.6,0.0,0.6,0.1,0.3,0.2,0.0,0.0
210929_IC_SEC_650to700_20,700,20,0.0,2.5,0.2,0.3,0.1,0.2,1.3,1.1,0.8,0.0,0.7,0.1,0.5,0.2,0.0,0.0
210929_IC_SEC_650to700_21,700,21,0.0,6.1,0.2,0.5,0.1,0.2,0.2,1.6,1.4,0.0,0.7,0.2,1.2,0.2,0.0,0.0
210929_IC_SEC_650to700_22,700,22,0.0,2.4,0.2,0.3,0.1,0.2,0.2,1.0,0.8,0.0,0.7,0.1,0.3,0.2,0.0,0.0
210929_IC_SEC_650to700_23,700,23,0.0,2.9,0.1,0.3,0.2,0.2,0.1,1.0,0.7,0.0,0.7,0.1,1.2,0.2,0.0,0.0
210929_IC_SEC_650to700_24,700,24,0.0,7.4,0.1,0.4,0.2,0.2,0.1,2.3,2.1,0.0,0.7,0.2,1.1,0.2,0.0,0.0
210929_IC_SEC_650to700_25,700,25,0.0,3.9,0.1,0.3,0.2,0.2,0.1,1.1,0.8,0.0,0.7,0.2,0.8,0.2,0.0,0.0
210929_IC_SEC_650to700_26,700,26,0.0,2.6,0.2,0.3,0.1,0.2,0.2,0.9,0.6,0.0,0.8,0.1,0.3,0.2,0.0,0.0
210929_IC_SEC_650to700_27,700,27,0.0,58.9,0.2,0.3,0.1,0.2,0.2,1.0,0.7,0.0,0.8,0.1,0.4,0.2,0.0,0.0
210929_IC_SEC_650to700_28,700,28,0.0,4.3,0.1,0.3,0.2,0.2,0.2,1.3,1.0,0.0,0.9,0.3,0.6,0.2,0.0,0.0
210929_IC_SEC_650to700_29,700,29,0.0,2.5,0.2,0.2,0.1,0.2,0.2,0.9,0.7,0.0,0.8,0.1,0.3,0.2,0.0,0.0
210929_IC_SEC_650to700_30,700,30,0.0,2.3,0.1,0.3,0.1,0.2,0.2,0.9,0.6,0.0,0.8,0.1,0.3,0.2,0.0,0.0
210929_IC_SEC_650to700_31,700,31,0.0,36.6,0.1,0.3,0.2,0.2,0.2,1.1,0.8,0.0,0.9,0.2,3.2,0.2,0.0,0.0
210929_IC_SEC_650to700_32,700,32,0.0,6.5,0.2,0.3,0.2,0.2,0.2,1.3,1.0,0.0,0.9,0.1,1.8,0.2,0.0,0.0
210929_IC_SEC_700to800_1,800,1,0.0,3.8,0.1,0.4,0.1,0.2,0.2,1.1,0.8,0.0,0.9,0.1,0.4,0.3,0.0,0.0
210929_IC_SEC_700to800_2,800,2,0.0,8.9,0.1,0.4,0.1,0.2,0.2,1.0,0.7,0.0,0.9,0.1,0.4,0.2,0.0,0.0
210929_IC_SEC_700to800_3,800,3,0.0,6.9,0.2,0.4,0.1,0.2,0.2,1.0,0.7,0.0,0.9,0.1,0.4,0.2,0.0,0.0
210929_IC_SEC_700to800_4,800,4,0.0,2.6,0.2,0.3,0.2,0.2,0.2,1.0,0.6,0.0,0.9,0.1,0.4,0.2,0.0,0.0
210929_IC_SEC_700to800_5,800,5,0.0,2.3,0.3,0.4,0.1,0.2,0.2,1.1,0.8,0.0,1.2,0.2,0.9,0.3,0.0,0.0
210929_IC_SEC_700to800_6,800,6,0.0,2.2,0.1,0.5,0.2,0.2,0.2,1.5,1.2,0.0,1.4,0.7,1.4,0.3,0.0,0.0
210929_IC_SEC_700to800_7,800,7,0.0,2.3,0.2,0.4,0.1,0.2,0.2,1.1,0.8,0.0,1.1,0.2,0.7,0.2,0.0,0.0
210929_IC_SEC_700to800_8,800,8,0.0,2.3,0.1,0.4,0.1,0.2,0.3,1.0,0.7,0.0,1.1,0.1,0.5,0.2,0.0,0.0
210929_IC_SEC_700to800_9,800,9,0.0,2.6,0.2,0.4,0.2,0.2,0.2,1.2,0.9,0.0,1.3,0.2,0.6,0.3,0.0,0.0
210929_IC_SEC_700to800_10,800,10,0.0,5.1,0.2,0.5,0.2,0.2,0.2,1.1,0.9,0.0,1.4,0.2,1.8,0.3,0.0,0.0
210929_IC_SEC_700to800_11,800,11,0.0,2.5,0.1,0.5,0.1,0.2,0.2,1.1,0.7,0.0,1.3,0.1,0.6,0.2,0.0,0.0
210929_IC_SEC_700to800_12,800,12,0.0,2.4,0.2,0.9,0.2,0.2,0.2,1.3,1.0,0.0,1.1,0.2,1.2,0.2,0.0,0.0
210929_IC_SEC_700to800_13,800,13,0.0,2.7,0.2,0.5,0.2,0.2,0.2,1.0,0.8,0.0,1.0,0.2,1.2,0.3,0.0,0.0
210929_IC_SEC_700to800_14,800,14,0.0,4.8,0.2,0.5,0.1,0.2,0.2,1.1,0.8,0.0,0.9,0.1,1.3,0.2,0.0,0.0
210929_IC_SEC_700to800_15,800,15,0.0,2.4,0.3,0.5,0.2,0.2,0.2,1.0,0.7,0.0,0.8,0.1,0.5,0.2,0.0,0.0
210929_IC_SEC_700to800_16,800,16,0.0,3.0,0.2,0.4,0.2,0.2,0.3,1.0,0.7,0.0,0.8,0.1,0.4,0.2,0.0,0.0
210929_IC_SEC_700to800_17,800,17,0.1,1.8,0.2,0.4,0.3,0.2,1.8,1.9,1.8,0.0,1.4,0.4,0.5,0.4,0.0,0.0
210929_IC_SEC_700to800_18,800,18,0.0,2.3,0.2,0.4,0.2,0.2,0.9,1.4,1.2,0.0,0.8,0.2,0.4,0.3,0.0,0.0
210929_IC_SEC_700to800_19,800,19,0.0,3.3,0.2,0.4,0.1,0.2,0.2,0.9,0.6,0.0,0.6,0.1,0.4,0.2,0.0,0.0
210929_IC_SEC_700to800_20,800,20,0.0,2.9,0.2,0.4,0.1,0.2,0.2,0.9,0.6,0.0,0.7,0.1,0.4,0.2,0.0,0.0
210929_IC_SEC_700to800_21,800,21,0.0,2.5,0.1,0.4,0.1,0.2,0.2,0.9,0.7,0.0,0.8,0.1,0.4,0.2,0.0,0.0
210929_IC_SEC_700to800_22,800,22,0.0,2.5,0.2,0.4,0.1,0.2,0.2,1.0,0.8,0.0,0.8,0.2,0.5,0.5,0.0,0.0
210929_IC_SEC_700to800_23,800,23,0.0,2.5,0.2,0.5,0.2,0.2,0.1,1.1,0.8,0.0,0.8,0.1,0.4,0.2,0.0,0.0
210929_IC_SEC_700to800_24,800,24,0.0,22.3,0.2,0.7,0.2,0.2,0.1,1.8,1.6,0.0,0.8,0.2,2.8,0.2,0.0,0.0
210929_IC_SEC_700to800_25,800,25,0.0,3.3,0.2,0.4,0.2,0.2,0.1,1.0,0.8,0.0,0.8,0.2,0.5,0.3,0.0,0.0
210929_IC_SEC_700to800_26,800,26,0.0,2.6,0.1,0.4,0.1,0.2,0.2,0.8,0.6,0.0,0.8,0.1,0.4,0.2,0.0,0.0
210929_IC_SEC_700to800_27,800,27,0.0,3.8,0.2,0.3,0.1,0.2,0.2,0.9,0.6,0.0,0.9,0.1,0.4,0.2,0.0,0.0
210929_IC_SEC_700to800_28,800,28,0.0,12.7,0.1,0.4,0.1,0.2,0.2,1.1,0.8,0.0,0.9,0.1,0.4,0.2,0.0,0.0
210929_IC_SEC_700to800_29,800,29,0.0,3.1,0.1,0.4,0.1,0.2,0.2,1.0,0.7,0.0,0.9,0.1,0.4,0.2,0.0,0.0
210929_IC_SEC_700to800_30,800,30,0.0,2.7,0.2,0.4,0.1,0.2,0.2,1.6,1.2,0.0,0.9,0.2,0.7,0.3,0.0,0.0
210929_IC_SEC_700to800_31,800,31,0.0,2.8,0.2,0.4,0.1,0.2,0.2,0.9,0.7,0.0,0.9,0.1,0.4,0.2,0.0,0.0
210929_IC_SEC_700to800_32,800,32,0.0,2.5,0.2,0.4,0.1,0.2,0.2,0.9,0.6,0.0,0.9,0.1,0.4,0.2,0.0,0.0
210929_IC_SEC_800to900_1,900,1,0.0,2.6,0.2,0.4,0.1,0.2,0.2,1.2,0.9,0.0,0.9,0.1,0.4,0.2,0.0,0.0
210929_IC_SEC_800to900_2,900,2,0.0,2.9,0.1,0.4,0.1,0.2,0.2,1.1,0.8,0.0,0.9,0.1,0.4,0.2,0.0,0.0
210929_IC_SEC_800to900_3,900,3,0.0,2.6,0.2,0.5,0.2,0.2,0.2,1.2,0.8,0.0,1.0,0.1,0.7,0.2,0.0,0.0
210929_IC_SEC_800to900_4,900,4,0.0,5.6,0.2,0.8,0.1,0.2,0.2,1.7,1.4,0.0,1.0,0.2,0.8,0.2,0.0,0.0
210929_IC_SEC_800to900_5,900,5,0.0,2.4,0.3,0.4,0.2,0.2,0.2,1.4,1.1,0.0,1.4,0.3,1.0,0.2,0.0,0.0
210929_IC_SEC_800to900_6,900,6,0.0,2.5,0.4,0.4,0.2,0.2,0.2,1.4,1.1,0.0,1.4,0.3,1.1,0.2,0.0,0.0
210929_IC_SEC_800to900_7,900,7,0.0,2.1,0.2,0.4,0.1,0.2,0.2,1.3,0.9,0.0,1.1,0.2,0.7,0.2,0.0,0.0
210929_IC_SEC_800to900_8,900,8,0.0,2.0,0.2,0.3,0.2,0.2,0.2,1.2,0.9,0.0,1.1,0.2,0.5,0.2,0.0,0.0
210929_IC_SEC_800to900_9,900,9,0.0,3.2,0.2,0.3,0.2,0.2,0.2,1.2,0.8,0.0,1.1,0.1,0.5,0.3,0.0,0.0
210929_IC_SEC_800to900_10,900,10,0.0,2.6,0.2,0.4,0.1,0.2,0.2,1.4,1.0,0.0,1.2,0.1,0.5,0.4,0.0,0.0
210929_IC_SEC_800to900_11,900,11,0.0,2.4,0.2,0.3,0.2,0.2,0.2,1.2,0.9,0.0,1.2,0.1,0.5,0.3,0.0,0.0
210929_IC_SEC_800to900_12,900,12,0.0,2.3,0.2,0.3,0.1,0.2,0.2,1.2,0.8,0.0,1.2,0.1,0.5,0.2,0.0,0.0
210929_IC_SEC_800to900_13,900,13,0.0,2.3,0.2,0.4,0.1,0.2,0.2,1.2,0.8,0.0,1.0,0.1,0.4,0.2,0.0,0.0
210929_IC_SEC_800to900_14,900,14,0.0,2.3,0.2,0.4,0.2,0.2,0.2,1.2,0.8,0.0,0.9,0.2,0.4,0.2,0.0,0.0
210929_IC_SEC_800to900_15,900,15,0.0,2.7,0.1,0.5,0.1,0.2,0.2,1.3,1.0,0.0,0.8,0.2,0.7,0.2,0.0,0.0
210929_IC_SEC_800to900_16,900,16,0.0,2.5,0.2,0.6,0.1,0.2,0.2,1.4,1.0,0.0,0.8,0.2,0.8,0.2,0.0,0.0
210929_IC_SEC_800to900_17,900,17,0.0,2.4,0.3,0.4,0.2,0.2,1.1,1.7,1.4,0.0,1.3,0.3,0.7,0.3,0.0,0.0
210929_IC_SEC_800to900_18,900,18,0.0,2.3,0.3,0.3,0.3,0.2,1.6,2.1,1.9,0.0,1.0,0.3,0.3,0.4,0.0,0.0
210929_IC_SEC_800to900_19,900,19,0.0,2.3,0.1,0.3,0.1,0.2,0.3,1.0,0.7,0.0,0.6,0.1,7.6,0.3,0.0,0.0
210929_IC_SEC_800to900_20,900,20,0.0,2.0,0.2,0.3,0.1,0.2,0.2,1.0,0.7,0.0,0.7,0.1,0.4,0.3,0.0,0.0
210929_IC_SEC_800to900_21,900,21,0.0,2.3,0.2,0.3,0.1,0.2,0.2,1.0,0.7,0.0,0.8,0.1,0.3,0.3,0.0,0.0
210929_IC_SEC_800to900_22,900,22,0.0,2.1,0.2,0.3,0.1,0.2,0.2,1.1,0.7,0.0,0.8,0.1,0.3,0.4,0.0,0.0
210929_IC_SEC_800to900_23,900,23,0.0,3.0,0.1,0.3,0.1,0.2,0.1,1.1,0.8,0.0,0.8,0.1,0.4,0.2,0.0,0.0
210929_IC_SEC_800to900_24,900,24,0.0,2.2,0.1,0.3,0.2,0.2,0.1,1.3,1.0,0.0,0.8,0.2,0.3,0.2,0.0,0.0
210929_IC_SEC_800to900_25,900,25,0.0,2.7,0.2,0.3,0.3,0.2,0.1,1.3,1.0,0.0,0.8,0.2,0.3,0.2,0.0,0.0
210929_IC_SEC_800to900_26,900,26,0.0,2.3,0.1,0.3,0.2,0.2,0.2,1.0,0.7,0.0,0.9,0.1,0.7,0.2,0.0,0.0
210929_IC_SEC_800to900_27,900,27,0.0,2.8,0.2,0.4,0.1,0.2,0.2,1.0,0.6,0.0,0.9,0.1,0.4,0.2,0.0,0.0
210929_IC_SEC_800to900_28,900,28,0.0,3.5,0.2,0.5,0.1,0.2,0.2,2.1,1.7,0.0,0.9,0.2,1.4,0.2,0.0,0.0
210929_IC_SEC_800to900_29,900,29,0.0,2.5,0.2,0.3,0.1,0.2,0.2,1.6,1.3,0.0,0.9,0.2,0.7,0.3,0.0,0.0
210929_IC_SEC_800to900_30,900,30,0.0,2.1,0.1,0.3,0.1,0.2,0.2,1.0,0.7,0.0,0.9,0.1,0.4,0.4,0.0,0.0
210929_IC_SEC_800to900_31,900,31,0.0,2.1,0.1,0.3,0.1,0.2,0.2,1.1,0.8,0.0,0.9,0.1,0.3,1.5,0.0,0.0
210929_IC_SEC_800to900_32,900,32,0.0,2.1,0.1,0.3,0.1,0.2,0.2,1.0,0.7,0.0,0.9,0.1,0.3,0.7,0.0,0.0
210929_IC_SEC_900to1000_1,1000,1,0.0,3.0,0.1,0.3,0.1,0.2,0.2,0.9,0.6,0.0,1.0,0.2,0.4,0.4,0.0,0.0
210929_IC_SEC_900to1000_2,1000,2,0.0,18.6,0.2,0.3,0.2,0.2,0.2,0.9,0.7,0.0,1.0,0.1,0.3,0.3,0.0,0.0
210929_IC_SEC_900to1000_3,1000,3,0.0,2.3,0.1,0.3,0.1,0.2,0.2,0.9,0.6,0.0,1.0,0.1,0.4,0.2,0.0,0.0
210929_IC_SEC_900to1000_4,1000,4,0.0,2.2,0.2,0.3,0.2,0.2,0.2,0.9,0.6,0.0,1.1,0.1,0.4,0.2,0.0,0.0
210929_IC_SEC_900to1000_5,1000,5,0.0,2.1,0.2,0.3,0.1,0.2,0.2,1.0,0.7,0.0,1.1,0.2,0.5,0.2,0.0,0.0
210929_IC_SEC_900to1000_6,1000,6,0.0,2.3,0.3,0.3,0.1,0.2,0.3,1.3,1.0,0.0,1.4,0.5,13.1,0.2,0.0,0.1
210929_IC_SEC_900to1000_7,1000,7,0.0,2.0,0.3,0.4,0.2,0.2,0.2,1.0,0.8,0.0,1.1,0.2,0.6,0.2,0.0,0.0
210929_IC_SEC_900to1000_8,1000,8,0.0,2.4,0.2,0.4,0.1,0.2,0.2,1.1,0.8,0.0,1.0,0.2,0.6,0.2,0.0,0.0
210929_IC_SEC_900to1000_9,1000,9,0.0,5.2,0.2,0.3,0.1,0.2,0.2,1.0,0.7,0.0,1.1,0.2,0.5,0.3,0.0,0.0
210929_IC_SEC_900to1000_10,1000,10,0.0,2.7,0.2,0.3,0.1,0.2,0.2,0.9,0.7,0.0,1.2,0.1,0.4,5.4,0.0,0.0
210929_IC_SEC_900to1000_11,1000,11,0.0,3.4,0.3,0.3,0.2,0.2,0.2,1.2,0.8,0.0,1.2,0.2,0.7,190.5,0.1,0.0
210929_IC_SEC_900to1000_12,1000,12,0.0,2.7,0.2,0.2,0.1,0.2,0.2,0.9,0.6,0.0,1.2,0.1,0.4,0.5,0.0,0.0
210929_IC_SEC_900to1000_13,1000,13,0.0,5.7,0.2,0.2,0.1,0.2,0.2,0.9,0.7,0.0,1.1,0.1,0.5,0.4,0.0,0.0
210929_IC_SEC_900to1000_14,1000,14,0.0,2.2,0.2,0.3,0.1,0.2,0.2,0.9,0.6,0.0,0.9,0.1,0.4,0.4,0.0,0.0
210929_IC_SEC_900to1000_15,1000,15,0.0,4.2,0.2,0.3,0.1,0.2,0.2,1.1,0.8,0.0,0.9,0.2,0.6,0.2,0.0,0.0
210929_IC_SEC_900to1000_16,1000,16,0.0,2.0,0.2,0.3,0.1,0.2,0.7,184.2,181.8,0.0,0.8,0.1,0.5,0.3,0.0,0.0
210929_IC_SEC_900to1000_17,1000,17,0.0,2.1,0.2,0.4,0.2,0.2,0.8,1.8,1.5,0.0,1.3,0.3,0.6,0.3,0.0,0.0
210929_IC_SEC_900to1000_18,1000,18,0.0,2.1,0.2,0.3,0.3,0.2,2.0,1.8,1.5,0.0,1.0,0.4,0.3,0.3,0.0,0.0
210929_IC_SEC_900to1000_19,1000,19,0.0,2.9,0.2,0.3,0.1,0.2,0.3,0.9,0.7,0.0,0.6,0.2,0.3,0.2,0.0,0.0
210929_IC_SEC_900to1000_20,1000,20,0.0,3.6,0.2,0.4,0.1,0.2,0.2,1.3,1.0,0.0,0.7,0.1,0.8,0.2,0.0,0.0
210929_IC_SEC_900to1000_21,1000,21,0.0,122.9,0.2,0.3,0.2,0.2,0.2,1.3,1.1,0.0,0.7,0.2,0.4,0.7,0.0,0.0
210929_IC_SEC_900to1000_22,1000,22,0.0,2.0,0.1,0.2,0.1,0.2,0.2,0.8,0.6,0.0,0.8,0.1,1.3,1.8,0.0,0.0
210929_IC_SEC_900to1000_23,1000,23,0.0,4.9,0.2,0.3,0.2,0.2,0.2,0.9,0.6,0.0,0.9,0.1,0.3,99.9,0.0,0.0
210929_IC_SEC_900to1000_24,1000,24,0.0,13.4,0.1,0.2,0.2,0.2,0.1,1.0,0.8,0.0,0.9,0.2,0.3,0.5,0.0,0.0
210929_IC_SEC_900to1000_25,1000,25,0.0,2.1,0.1,0.2,0.3,0.2,0.1,1.1,0.8,0.0,0.8,0.2,0.2,0.2,0.0,0.0
210929_IC_SEC_900to1000_26,1000,26,0.0,22.0,0.1,0.3,0.2,0.2,0.1,0.9,0.7,0.0,0.9,0.2,0.5,0.2,0.0,0.0
210929_IC_SEC_900to1000_27,1000,27,0.0,2.4,0.2,0.2,0.1,0.2,0.2,0.8,0.6,0.0,0.9,0.2,0.3,0.2,0.0,0.0
210929_IC_SEC_900to1000_28,1000,28,0.0,2.1,0.1,0.2,0.1,0.2,0.2,0.8,0.5,0.0,0.9,0.1,0.5,0.2,0.0,0.0
210929_IC_SEC_900to1000_29,1000,29,0.0,2.5,0.1,0.2,0.1,0.2,0.2,0.8,0.6,0.0,0.9,0.1,0.3,0.2,0.0,0.0
210929_IC_SEC_900to1000_30,1000,30,0.0,2.4,0.1,0.3,0.1,0.2,0.2,0.9,0.6,0.0,0.9,0.1,0.4,0.2,0.0,0.0
210929_IC_SEC_900to1000_31,1000,31,0.0,3.4,0.1,0.3,0.1,0.2,0.3,0.9,0.6,0.0,0.9,0.1,0.4,0.2,0.0,0.0
210929_IC_SEC_900to1000_32,1000,32,0.0,3.2,0.2,0.4,0.1,0.2,0.2,1.4,1.1,0.0,0.9,0.2,1.4,0.2,0.0,0.0
